"indiv","sex","ars","f","smlh","pack","migrant","littersize","littersync","index","rain","rainsd","age","packsize","fhresid"
"BM653","M",0,0,0.967422900959614,"1B",TRUE,7,TRUE,0.666666666666667,12.5,13.4350288425444,1,19.5833333333333,-0.0768451154376147
"HF010","F",0,0,1.19115969872468,"1H",FALSE,10,TRUE,NA,44.1,43.9101355042318,1,13.5833333333333,0.146891682327444
"HF010","F",0,0,1.19115969872468,"1H",TRUE,10,TRUE,NA,47.38,49.4918882242333,2,14.8333333333334,0.146891682327443
"HF016","F",0,0,1.06651205261296,"1H",FALSE,13,TRUE,1,48.625,48.764558265785,1,13.5833333333333,0.0222440362157254
"HF016","F",0,0,1.06651205261296,"1H",TRUE,13,TRUE,1,65.7285714285714,64.3725799360182,2,16.0833333333334,0.0222440362157254
"HF016","F",4,0,1.06651205261296,"12",FALSE,13,TRUE,1,65.5666666666667,59.0187540815064,3,6,0.0222440362157254
"HF016","F",7,0,1.06651205261296,"12",FALSE,13,TRUE,1,61.6833333333333,44.661552172134,4,6.83333333333334,0.0222440362157254
"HF016","F",3,0,1.06651205261296,"15",TRUE,13,TRUE,1,69.2583333333333,47.4731590831423,5,8.38461538461539,0.0222440362157254
"HF016","F",4,0,1.06651205261296,"15",FALSE,13,TRUE,1,61.5916666666667,30.3403559136952,6,12.6666666666667,0.0222440362157254
"HF016","F",5,0,1.06651205261296,"15",FALSE,13,TRUE,1,59.3583333333333,37.0448734849392,7,14.3333333333333,0.0222440362157254
"HM032","M",0,0,0.796559426464589,"1H",TRUE,6,TRUE,0.3,0,0,1,15.3333333333333,-0.247708589932647
"HM038","M",0,0,1.09189639049762,"1H",TRUE,9,TRUE,NA,61.9,56.8397748060282,1,17.0833333333333,0.047628374100387
"HM038","M",0,0,1.09189639049762,"1H",FALSE,9,TRUE,NA,64.4833333333333,63.7339902654111,2,25.4166666666667,0.047628374100387
"HM038","M",0,0,1.09189639049762,"1H",FALSE,9,TRUE,NA,62.9333333333333,37.8100355445322,3,23,0.047628374100387
"HM038","M",0,0,1.09189639049762,"1H",FALSE,9,TRUE,NA,69.3,46.5877861481077,4,22.8333333333334,0.047628374100387
"HF039","F",1,0,1.06588536362293,"1H",FALSE,9,TRUE,NA,61.9,56.8397748060282,1,17.0833333333333,0.0216173472256952
"HF039","F",0,0,1.06588536362293,"1H",FALSE,9,TRUE,NA,64.4833333333333,63.7339902654111,2,25.4166666666667,0.0216173472256952
"HF039","F",4,0,1.06588536362293,"1H",FALSE,9,TRUE,NA,62.9333333333333,37.8100355445322,3,23,0.0216173472256952
"HF039","F",3,0,1.06588536362293,"1H",FALSE,9,TRUE,NA,69.3,46.5877861481077,4,22.8333333333334,0.0216173472256952
"HF039","F",6,0,1.06588536362293,"1H",FALSE,9,TRUE,NA,63.3583333333333,25.4390701064089,5,18.3846153846154,0.0216173472256952
"HF039","F",7,0,1.06588536362293,"1H",FALSE,9,TRUE,NA,59.7083333333333,39.2235888750943,6,14.4166666666667,0.0216173472256952
"HM041","M",3,0,1.09734327812492,"1H",TRUE,9,TRUE,NA,61.9,56.8397748060282,1,17.0833333333333,0.0530752617276852
"HM041","M",0,0,1.09734327812492,"1H",FALSE,9,TRUE,NA,64.4833333333333,63.7339902654111,2,25.4166666666667,0.0530752617276852
"HM041","M",0,0,1.09734327812492,"1H",FALSE,9,TRUE,NA,62.9333333333333,37.8100355445322,3,23,0.0530752617276852
"HM041","M",5,0,1.09734327812492,"1H",FALSE,9,TRUE,NA,69.3,46.5877861481077,4,22.8333333333334,0.0530752617276852
"FM048","M",0,0,0.77484929783786,"4B",TRUE,9,TRUE,NA,65.0333333333333,52.3205214967986,1,20.25,-0.269418718559375
"FM054","M",0,0,1.14152804461115,"4B",FALSE,9,TRUE,NA,65.0333333333333,52.3205214967986,1,20.25,0.0972600282139152
"FM054","M",0,0,1.14152804461115,"4B",FALSE,9,TRUE,NA,74.8583333333333,64.8657138504876,2,22.4615384615384,0.0972600282139152
"FM054","M",0,0,1.14152804461115,"4B",FALSE,9,TRUE,NA,64.7666666666667,43.0949550587438,3,23.9166666666667,0.0972600282139152
"FM054","M",2,0,1.14152804461115,"4B",FALSE,9,TRUE,NA,63.6166666666667,30.3887489147885,4,24.9166666666667,0.0972600282139152
"HF045","F",0,0,0.958435167345435,"1H",FALSE,5,TRUE,NA,68.2333333333333,57.5637564844934,1,21.3333333333333,-0.0858328490518007
"HM046","M",0,0,1.11800699588937,"1H",TRUE,5,TRUE,NA,68.2333333333333,57.5637564844934,1,21.3333333333333,0.0737389794921356
"HM046","M",0,0,1.11800699588937,"1H",FALSE,5,TRUE,NA,61.4,48.360427097896,2,25,0.0737389794921356
"HM047","M",0,0,1.10823601117133,"1H",TRUE,5,TRUE,NA,68.2333333333333,57.5637564844934,1,21.3333333333333,0.0639679947740929
"HM047","M",1,0,1.10823601117133,"1H",TRUE,5,TRUE,NA,61.4,48.360427097896,2,25,0.0639679947740929
"HM047","M",0,0,1.10823601117133,"1H",TRUE,5,TRUE,NA,68.4833333333333,46.0358128048812,3,22.8333333333333,0.0639679947740929
"HM049","M",0,0,1.35860657694922,"1H",TRUE,5,TRUE,NA,68.2333333333333,57.5637564844934,1,21.3333333333333,0.314338560551986
"HM049","M",0,0,1.35860657694922,"1H",TRUE,5,TRUE,NA,61.4,48.360427097896,2,25,0.314338560551986
"HM049","M",0,0,1.35860657694922,"1H",TRUE,5,TRUE,NA,68.4833333333333,46.0358128048812,3,22.8333333333333,0.314338560551986
"HM052","M",0,0.046875,1.3117580742958,"1H",TRUE,5,TRUE,NA,64.8583333333333,59.758231967477,1,23.5,0.306342715392961
"HM052","M",0,0.046875,1.3117580742958,"1H",FALSE,5,TRUE,NA,61.6916666666667,44.6566183292696,2,23.9166666666667,0.306342715392961
"HM052","M",0,0.046875,1.3117580742958,"1H",FALSE,5,TRUE,NA,69.25,47.483097471148,3,22.8333333333334,0.306342715392961
"HM052","M",1,0.046875,1.3117580742958,"1H",FALSE,5,TRUE,NA,64.7916666666667,33.3974266382996,4,20.5833333333334,0.306342715392961
"DF026","F",3,0,1.16808462905229,"11",FALSE,5,TRUE,0,64.55,63.8313473858332,1,14.6666666666667,0.123816612655055
"DF026","F",0,0,1.16808462905229,"11",FALSE,5,TRUE,0,63.1166666666667,38.3054668145265,2,16.8333333333333,0.123816612655055
"DF026","F",0,0,1.16808462905229,"11",FALSE,5,TRUE,0,69.1583333333333,46.5621668180066,3,24.1538461538462,0.123816612655055
"HF057","F",0,0,1.09189639049762,"1H",FALSE,13,TRUE,NA,64.55,63.8313473858332,1,25.4166666666667,0.047628374100387
"HM060","M",0,0.125,1.09189639049762,"1H",FALSE,13,TRUE,NA,64.55,63.8313473858332,1,25.4166666666667,0.151235460752109
"HM060","M",0,0.125,1.09189639049762,"1H",FALSE,13,TRUE,NA,63.1166666666667,38.3054668145265,2,23,0.151235460752109
"HM060","M",0,0.125,1.09189639049762,"1H",FALSE,13,TRUE,NA,69.1583333333333,46.5621668180066,3,22.8461538461539,0.151235460752109
"HM061","M",0,0,1.15310395634603,"1H",FALSE,13,TRUE,NA,64.55,63.8313473858332,1,25.4166666666667,0.108835939948794
"HF062","F",0,0.0625,1.19115969872468,"1H",FALSE,13,TRUE,NA,64.55,63.8313473858332,1,25.4166666666667,0.198695225653305
"HF062","F",0,0.0625,1.19115969872468,"1H",FALSE,13,TRUE,NA,63.1166666666667,38.3054668145265,2,23,0.198695225653305
"HF062","F",2,0.0625,1.19115969872468,"1H",FALSE,13,TRUE,NA,69.1583333333333,46.5621668180066,3,22.8461538461539,0.198695225653305
"HF063","F",0,0,1.29042300695174,"1H",FALSE,13,TRUE,NA,64.55,63.8313473858332,1,25.4166666666667,0.2461549905545
"HF063","F",1,0,1.29042300695174,"1H",FALSE,13,TRUE,NA,63.1166666666667,38.3054668145265,2,23,0.2461549905545
"HF063","F",1,0,1.29042300695174,"1H",FALSE,13,TRUE,NA,69.1583333333333,46.5621668180066,3,22.8461538461539,0.2461549905545
"FF066","F",1,0,0.914153187953966,"4B",FALSE,13,TRUE,NA,68.65,66.372043676673,1,23.0833333333333,-0.130114828443269
"FF066","F",2,0,0.914153187953966,"4B",FALSE,13,TRUE,NA,58.5583333333333,31.0295008700176,2,22.4166666666667,-0.130114828443269
"FF066","F",5,0,0.914153187953966,"4B",FALSE,13,TRUE,NA,72.0666666666667,49.2275483357796,3,25.0833333333334,-0.130114828443269
"FF066","F",2,0,0.914153187953966,"4B",FALSE,13,TRUE,NA,63.775,29.5998502760341,4,16.2307692307693,-0.130114828443269
"FF066","F",1,0,0.914153187953966,"4B",FALSE,13,TRUE,NA,55.8166666666667,36.1532302928253,5,14.75,-0.130114828443269
"FM072","M",0,0.125,1.24079135283821,"4B",TRUE,13,TRUE,NA,68.65,66.372043676673,1,23.0833333333333,0.300130423092694
"FM072","M",0,0.125,1.24079135283821,"4B",TRUE,13,TRUE,NA,58.5583333333333,31.0295008700176,2,22.4166666666667,0.300130423092694
"FM072","M",3,0.125,1.24079135283821,"4B",FALSE,13,TRUE,NA,72.0666666666667,49.2275483357796,3,25.0833333333334,0.300130423092694
"HF068","F",2,0,0.858526106821192,"1H",FALSE,9,TRUE,0.428571428571429,61.3333333333333,48.3257757936756,1,25.1666666666667,-0.185741909576044
"HM069","M",0,0,1.11729834083263,"1H",FALSE,9,TRUE,0.5,61.3333333333333,48.3257757936756,1,25.1666666666667,0.0730303244353902
"HM069","M",0,0,1.11729834083263,"1H",FALSE,9,TRUE,0.5,67.2,46.3190320200318,2,22.8461538461539,0.0730303244353902
"HM069","M",3,0,1.11729834083263,"1H",TRUE,9,TRUE,0.5,62.15,31.0532241043137,3,21.5833333333333,0.0730303244353902
"HM069","M",0,0,1.11729834083263,"17",FALSE,9,TRUE,0.5,55.9083333333333,37.4065735188916,4,7.58333333333333,0.0730303244353902
"HM069","M",0,0,1.11729834083263,"17",FALSE,9,TRUE,0.5,69.1833333333333,27.2379025134707,5,6.25,0.0730303244353902
"HM069","M",0,0,1.11729834083263,"17",FALSE,9,TRUE,0.5,66.1,17.9359466384739,6,4.66666666666666,0.0730303244353902
"HM069","M",0,0,1.11729834083263,"17",FALSE,9,TRUE,0.5,57,57.3389444047808,7,4.41666666666667,0.0730303244353902
"HM069","M",3,0,1.11729834083263,"17",FALSE,9,TRUE,0.5,58.8916666666667,50.5633258819317,8,9.69230769230769,0.0730303244353902
"HM069","M",1,0,1.11729834083263,"17",FALSE,9,TRUE,0.5,72.6916666666667,48.3463161769207,9,11,0.0730303244353902
"HM069","M",0,0,1.11729834083263,"17",FALSE,9,TRUE,0.5,58.95,38.214264352464,10,11.25,0.0730303244353902
"HM069","M",0,0,1.11729834083263,"17",FALSE,9,TRUE,0.5,68.1454545454545,60.0101385373566,11,10.6666666666667,0.0730303244353902
"BM207","M",0,0,0.78550082972539,"1B",TRUE,24,TRUE,NA,69.8333333333333,52.0527238538586,1,21.9166666666667,-0.258767186671846
"BM211","M",0,0.0625,0.964939476173631,"1B",FALSE,24,TRUE,NA,69.8333333333333,52.0527238538586,1,21.9166666666667,-0.0275249968977432
"BM211","M",0,0.0625,0.964939476173631,"1B",FALSE,24,TRUE,NA,70.6083333333333,46.3896238071586,2,23.6666666666667,-0.0275249968977432
"HM078","M",0,0.03125,0.660221746855642,"1H",FALSE,4,TRUE,0.75,62.9333333333333,37.8100355445322,1,23,-0.358144497878663
"HM078","M",0,0.03125,0.660221746855642,"1H",FALSE,4,TRUE,0.75,69.1333333333333,46.5581812619892,2,22.8333333333334,-0.358144497878663
"HM078","M",0,0.03125,0.660221746855642,"1H",TRUE,4,TRUE,0.75,63.2333333333333,25.4478909050466,3,18.3846153846154,-0.358144497878663
"HM078","M",0,0.03125,0.660221746855642,"1H",FALSE,4,TRUE,0.75,59.3,39.0637474346275,4,14.4166666666667,-0.358144497878663
"HM078","M",0,0.03125,0.660221746855642,"1H",FALSE,4,TRUE,0.75,71.2,24.2106287703262,5,14.4166666666667,-0.358144497878663
"HF080","F",0,0,1.16808462905229,"1H",FALSE,4,TRUE,0.944444444444444,62.9333333333333,37.8100355445322,1,23,0.123816612655055
"HF080","F",1,0,1.16808462905229,"1H",FALSE,4,TRUE,0.944444444444444,69.1333333333333,46.5581812619892,2,22.8333333333334,0.123816612655055
"HF080","F",0,0,1.16808462905229,"1H",FALSE,4,TRUE,0.944444444444444,63.2333333333333,25.4478909050466,3,18.3846153846154,0.123816612655055
"HF080","F",1,0,1.16808462905229,"1H",FALSE,4,TRUE,0.944444444444444,59.3,39.0637474346275,4,14.4166666666667,0.123816612655055
"HF080","F",1,0,1.16808462905229,"1H",FALSE,4,TRUE,0.944444444444444,71.2,24.2106287703262,5,14.4166666666667,0.123816612655055
"HF080","F",0,0,1.16808462905229,"1H",FALSE,4,TRUE,0.944444444444444,65.6916666666667,44.1116446867457,6,13.6666666666667,0.123816612655055
"HM081","M",0,0,0.931571867934693,"1H",FALSE,4,TRUE,1,62.9333333333333,37.8100355445322,1,23,-0.112696148462543
"HM081","M",0,0,0.931571867934693,"1H",FALSE,4,TRUE,1,69.1333333333333,46.5581812619892,2,22.8333333333334,-0.112696148462543
"HM081","M",0,0,0.931571867934693,"1H",TRUE,4,TRUE,1,63.2333333333333,25.4478909050466,3,18.3846153846154,-0.112696148462543
"FM079","M",0,0.125,0.964939476173631,"4B",TRUE,14,TRUE,0,63.9333333333333,40.0490910879348,1,22.4166666666667,0.0242785464281179
"FM079","M",0,0.125,0.964939476173631,"4B",TRUE,14,TRUE,0,70.2416666666667,46.8884451424739,2,25.0833333333334,0.0242785464281179
"FM083","M",0,0.25,0.873365923560226,"4B",TRUE,14,TRUE,NA,63.9333333333333,40.0490910879348,1,22.4166666666667,0.0363120804664352
"FM083","M",0,0.25,0.873365923560226,"4B",TRUE,14,TRUE,NA,70.2416666666667,46.8884451424739,2,25.0833333333334,0.0363120804664352
"DM039","M",0,0.125,0.914153187953966,"11",FALSE,11,TRUE,0.857142857142857,58.15,30.8510350496764,1,17.4166666666667,-0.0265077417915469
"DM039","M",0,0.125,0.914153187953966,"11",FALSE,11,TRUE,0.857142857142857,72.3666666666667,49.6510978242326,2,24.25,-0.0265077417915469
"DM039","M",0,0.125,0.914153187953966,"11",FALSE,11,TRUE,0.857142857142857,63.475,29.9452872297583,3,14.5833333333333,-0.0265077417915469
"DF051","F",0,0,1.07751556102869,"11",FALSE,8,TRUE,0.583333333333333,67.0833333333333,48.2716712205434,1,21,0.0332475446314577
"DF051","F",0,0,1.07751556102869,"11",FALSE,8,TRUE,0.583333333333333,60.2083333333333,26.7529933187887,2,21.5,0.0332475446314577
"DF051","F",2,0,1.07751556102869,"11",FALSE,8,TRUE,0.583333333333333,59.5833333333333,40.7840395104246,3,13.4166666666667,0.0332475446314577
"DF051","F",0,0,1.07751556102869,"11",FALSE,8,TRUE,0.583333333333333,66.9916666666667,26.9574903853973,4,25.9166666666666,0.0332475446314577
"DM054","M",0,0,1.04443558138705,"11",FALSE,8,TRUE,0.0625,67.0833333333333,48.2716712205434,1,21,0.000167564989816872
"DM054","M",0,0,1.04443558138705,"11",FALSE,8,TRUE,0.0625,60.2083333333333,26.7529933187887,2,21.5,0.000167564989816872
"DM054","M",0,0,1.04443558138705,"11",FALSE,8,TRUE,0.0625,59.5833333333333,40.7840395104246,3,13.4166666666667,0.000167564989816872
"DM054","M",3,0,1.04443558138705,"11",FALSE,8,TRUE,0.0625,66.9916666666667,26.9574903853973,4,25.9166666666666,0.000167564989816872
"DM054","M",0,0,1.04443558138705,"11",FALSE,8,TRUE,0.0625,65.6583333333333,17.8051299213219,5,21,0.000167564989816872
"DM054","M",0,0,1.04443558138705,"11",FALSE,8,TRUE,0.0625,57.475,50.8905443083487,6,20.4166666666667,0.000167564989816872
"DM054","M",1,0,1.04443558138705,"11",FALSE,8,TRUE,0.0625,53.125,40.3530808782135,7,22.4166666666666,0.000167564989816872
"DF056","F",0,0,0.952763655014193,"11",FALSE,5,TRUE,0.454545454545455,69.2583333333333,47.4731590831423,1,22.75,-0.0915043613830423
"DM057","M",0,0,0.890121550415007,"11",FALSE,5,TRUE,0.75,69.2583333333333,47.4731590831423,1,22.75,-0.154146465982228
"DM059","M",0,0,0.936970053068429,"11",FALSE,5,TRUE,0.375,69.2583333333333,47.4731590831423,1,22.75,-0.107297963328807
"DM124","M",0,0.125,0.6558790371479,"11",FALSE,4,TRUE,1,68.175,20.3667342408243,1,23.3333333333333,-0.284781892597613
"DM126","M",1,0.0625,1.12436406368211,"11",FALSE,4,TRUE,0.384615384615385,68.175,20.3667342408243,1,23.3333333333333,0.13189959061074
"DM126","M",0,0.0625,1.12436406368211,"11",FALSE,4,TRUE,0.384615384615385,66.7583333333333,44.2773994952347,2,21.4615384615384,0.13189959061074
"DM126","M",0,0.0625,1.12436406368211,"11",FALSE,4,TRUE,0.384615384615385,53.625,34.2614314035211,3,21.6666666666667,0.13189959061074
"DM126","M",0,0.0625,1.12436406368211,"11",FALSE,4,TRUE,0.384615384615385,57.525,58.6037250600087,4,21.8333333333334,0.13189959061074
"DM126","M",2,0.0625,1.12436406368211,"11",FALSE,4,TRUE,0.384615384615385,67.6583333333333,37.4228772600964,5,23.0833333333334,0.13189959061074
"DM126","M",1,0.0625,1.12436406368211,"11",FALSE,4,TRUE,0.384615384615385,83.3166666666667,63.6509634767232,6,24.25,0.13189959061074
"SM009","M",0,0,1.15087419111055,"17",FALSE,9,TRUE,0.4,68.7333333333333,18.7293805815808,1,5.16666666666666,0.106606174713315
"SM009","M",0,0,1.15087419111055,"17",FALSE,9,TRUE,0.4,54.2,49.7026247706387,2,3.75,0.106606174713315
"SM009","M",1,0,1.15087419111055,"17",FALSE,9,TRUE,0.4,50.55,35.8254734156374,3,9.5,0.106606174713315
"SM009","M",0,0,1.15087419111055,"17",FALSE,9,TRUE,0.4,75.8833333333333,46.3221885441,4,10.8333333333333,0.106606174713315
"SM009","M",1,0,1.15087419111055,"17",FALSE,9,TRUE,0.4,61.825,43.4555807693327,5,11.0833333333333,0.106606174713315
"SM013","M",0,0,0.911751521456823,"17",FALSE,9,TRUE,0.625,68.7333333333333,18.7293805815808,1,5.16666666666666,-0.132516494940412
"SM013","M",0,0,0.911751521456823,"17",FALSE,9,TRUE,0.625,54.2,49.7026247706387,2,3.75,-0.132516494940412
"SM013","M",1,0,0.911751521456823,"17",FALSE,9,TRUE,0.625,50.55,35.8254734156374,3,9.5,-0.132516494940412
"SM013","M",3,0,0.911751521456823,"17",FALSE,9,TRUE,0.625,75.8833333333333,46.3221885441,4,10.8333333333333,-0.132516494940412
"SM013","M",3,0,0.911751521456823,"17",FALSE,9,TRUE,0.625,61.825,43.4555807693327,5,11.0833333333333,-0.132516494940412
"SM013","M",0,0,0.911751521456823,"17",FALSE,9,TRUE,0.625,74.3833333333333,55.288036406595,6,10.9230769230769,-0.132516494940412
"KM052","M",0,0.265625,0.694843157589396,"15",TRUE,10,TRUE,0.724137931034483,69.4583333333333,46.3147425641974,1,11.4166666666667,-0.12925979967293
"KM052","M",0,0.265625,0.694843157589396,"15",FALSE,10,TRUE,0.724137931034483,61.4916666666667,27.0094077325032,2,12.7692307692308,-0.12925979967293
"HM098","M",0,0.015625,0.936970053068429,"1H",FALSE,9,FALSE,NA,68.9,46.5287398965804,1,22.8461538461539,-0.0943470774973413
"HM098","M",2,0.015625,0.936970053068429,"1H",FALSE,9,FALSE,NA,63.825,25.7144149527777,2,18,-0.0943470774973413
"HM098","M",1,0.015625,0.936970053068429,"1H",FALSE,9,FALSE,NA,60.2416666666667,39.5077313108882,3,14.4166666666667,-0.0943470774973413
"HM098","M",3,0.015625,0.936970053068429,"1H",FALSE,9,FALSE,NA,69.7166666666667,20.8021342145172,4,14.4166666666667,-0.0943470774973413
"FM100","M",0,0.125,0.994320225908357,"4B",TRUE,12,TRUE,1,69.9583333333333,46.7742636759174,1,25.0833333333334,0.0536592961628442
"FM100","M",0,0.125,0.994320225908357,"4B",TRUE,12,TRUE,1,64.3833333333333,26.0591576412151,2,16.3333333333333,0.0536592961628442
"FM105","M",0,0.25,1.12436406368211,"4B",TRUE,12,TRUE,0,69.9583333333333,46.7742636759174,1,25.0833333333334,0.287310220588324
"FM105","M",0,0.25,1.12436406368211,"4B",TRUE,12,TRUE,0,64.3833333333333,26.0591576412151,2,16.3333333333333,0.287310220588324
"FM105","M",2,0.25,1.12436406368211,"4B",TRUE,12,TRUE,0,58.875,37.5123282765449,3,14.5833333333333,0.287310220588324
"FF108","F",0,0.125,1.01103056726552,"4B",FALSE,12,TRUE,0.75,69.9583333333333,46.7742636759174,1,25.0833333333334,0.0703696375200064
"FF108","F",0,0.125,1.01103056726552,"4B",FALSE,12,TRUE,0.75,64.3833333333333,26.0591576412151,2,16.3333333333333,0.0703696375200064
"FF108","F",2,0.125,1.01103056726552,"4B",FALSE,12,TRUE,0.75,58.875,37.5123282765449,3,14.5833333333333,0.0703696375200064
"BF267","F",0,0.03125,0.874961996782986,"1B",FALSE,5,FALSE,0.0476190476190476,66.5666666666667,45.1481064403759,1,23.1666666666666,-0.143404247951319
"BF267","F",3,0.03125,0.874961996782986,"1B",FALSE,5,FALSE,0.0476190476190476,62.6916666666667,34.547686630441,2,24.6666666666666,-0.143404247951319
"BF267","F",5,0.03125,0.874961996782986,"1B",FALSE,5,FALSE,0.0476190476190476,58.3416666666667,33.6002017941271,3,23.6666666666666,-0.143404247951319
"BF267","F",7,0.03125,0.874961996782986,"1B",FALSE,5,FALSE,0.0476190476190476,69.8916666666667,19.2729418584395,4,27.8461538461538,-0.143404247951319
"BM278","M",0,0,1.04403623720378,"1B",FALSE,9,TRUE,0.909090909090909,70.1666666666667,39.5810866986042,1,23.3076923076923,-0.000231779193460156
"VF033","F",0,0,1.26490957164238,"15",FALSE,10,TRUE,1,63.3583333333333,25.4390701064089,1,12.7692307692308,0.220641555245143
"VF033","F",0,0,1.26490957164238,"15",FALSE,10,TRUE,1,59.7083333333333,39.2235888750943,2,14.0833333333333,0.220641555245143
"VF033","F",0,0,1.26490957164238,"15",FALSE,10,TRUE,1,70.6166666666667,23.0887943436296,3,12,0.220641555245143
"VF033","F",0,0,1.26490957164238,"15",FALSE,10,TRUE,1,65.5833333333333,43.9321549940843,4,8.75,0.220641555245143
"VF033","F",7,0,1.26490957164238,"15",FALSE,10,TRUE,1,54.4583333333333,35.3263604468992,5,5.41666666666667,0.220641555245143
"VF033","F",7,0,1.26490957164238,"15",FALSE,10,TRUE,1,52.4916666666667,51.0427353629616,6,4.66666666666667,0.220641555245143
"VF033","F",0,0,1.26490957164238,"15",TRUE,10,TRUE,1,73.725,39.3551688877308,7,3.84615384615384,0.220641555245143
"VF035","F",0,0.00390625,1.07751556102869,"15",FALSE,10,TRUE,0.666666666666667,63.3583333333333,25.4390701064089,1,12.7692307692308,0.036485266089324
"VF035","F",1,0.00390625,1.07751556102869,"15",FALSE,10,TRUE,0.666666666666667,59.7083333333333,39.2235888750943,2,14.0833333333333,0.036485266089324
"VF035","F",1,0.00390625,1.07751556102869,"15",FALSE,10,TRUE,0.666666666666667,70.6166666666667,23.0887943436296,3,12,0.036485266089324
"VF037","F",0,0,0.890121550415007,"15",FALSE,10,TRUE,0.5,63.3583333333333,25.4390701064089,1,12.7692307692308,-0.154146465982228
"DM077","M",0,0,0.671343278147821,"11",FALSE,4,TRUE,1,63.2666666666667,25.3867658197707,1,15.3333333333333,-0.372924738249415
"DM077","M",0,0,0.671343278147821,"11",FALSE,4,TRUE,1,60.2416666666667,39.5077313108882,2,19.8333333333333,-0.372924738249415
"DM078","M",0,0,1.12436406368211,"11",FALSE,4,TRUE,0.5,63.2666666666667,25.3867658197707,1,15.3333333333333,0.0800960472848792
"DM078","M",0,0,1.12436406368211,"11",FALSE,4,TRUE,0.5,60.2416666666667,39.5077313108882,2,19.8333333333333,0.0800960472848792
"FF127","F",0,0,1.09189639049762,"4B",FALSE,6,TRUE,1,63.1833333333333,25.6464717875874,1,16.3333333333333,0.047628374100387
"FF127","F",2,0,1.09189639049762,"4B",FALSE,6,TRUE,1,61.1166666666667,40.1540857953535,2,14.5833333333333,0.047628374100387
"HM117","M",0,0.09375,1.03066705837527,"1H",FALSE,8,TRUE,1,63.35,25.8143194934341,1,18,0.064104356966828
"HM117","M",0,0.09375,1.03066705837527,"1H",FALSE,8,TRUE,1,58.7333333333333,37.3842050588051,2,14.4166666666667,0.064104356966828
"HM117","M",0,0.09375,1.03066705837527,"1H",FALSE,8,TRUE,1,68.0083333333333,20.5683100615456,3,13.9166666666667,0.064104356966828
"HM117","M",7,0.09375,1.03066705837527,"1H",FALSE,8,TRUE,1,66.5916666666667,44.2057885624071,4,13.5833333333333,0.064104356966828
"HM117","M",3,0.09375,1.03066705837527,"1H",FALSE,8,TRUE,1,55.8,37.4470292546685,5,13.9166666666667,0.064104356966828
"HM117","M",4,0.09375,1.03066705837527,"1H",FALSE,8,TRUE,1,56.0916666666667,55.873370764668,6,14.9166666666667,0.064104356966828
"HM117","M",4,0.09375,1.03066705837527,"1H",FALSE,8,TRUE,1,72.6,38.228285577329,7,15.5833333333333,0.064104356966828
"HM117","M",1,0.09375,1.03066705837527,"1H",FALSE,8,TRUE,1,80.5666666666667,51.5399638997534,8,18.4166666666666,0.064104356966828
"HM117","M",3,0.09375,1.03066705837527,"1H",FALSE,8,TRUE,1,20.725,22.0537789656709,9,17,0.064104356966828
"HF118","F",0,0.0625,1.12436406368211,"1H",FALSE,8,TRUE,1,63.35,25.8143194934341,1,18,0.13189959061074
"HF118","F",1,0.0625,1.12436406368211,"1H",FALSE,8,TRUE,1,58.7333333333333,37.3842050588051,2,14.4166666666667,0.13189959061074
"HF118","F",3,0.0625,1.12436406368211,"1H",FALSE,8,TRUE,1,68.0083333333333,20.5683100615456,3,13.9166666666667,0.13189959061074
"HF118","F",5,0.0625,1.12436406368211,"1H",FALSE,8,TRUE,1,66.5916666666667,44.2057885624071,4,13.5833333333333,0.13189959061074
"HF120","F",0,0,1.2467803737031,"1H",FALSE,8,TRUE,1,63.35,25.8143194934341,1,18,0.202512357305861
"HF120","F",2,0,1.2467803737031,"1H",FALSE,8,TRUE,1,58.7333333333333,37.3842050588051,2,14.4166666666667,0.202512357305861
"HF120","F",1,0,1.2467803737031,"1H",FALSE,8,TRUE,1,68.0083333333333,20.5683100615456,3,13.9166666666667,0.202512357305861
"DM084","M",0,0,1.03066705837527,"11",FALSE,10,TRUE,0.625,56.8833333333333,37.6389023444756,1,13.8333333333333,-0.0136009580219637
"DM084","M",3,0,1.03066705837527,"11",FALSE,10,TRUE,0.625,60.775,33.012039814699,2,22.1666666666666,-0.0136009580219637
"DF086","F",0,0,1.17121256633554,"11",FALSE,10,TRUE,0.6,56.8833333333333,37.6389023444756,1,13.8333333333333,0.126944549938301
"DF086","F",1,0,1.17121256633554,"11",FALSE,10,TRUE,0.6,60.775,33.012039814699,2,22.1666666666666,0.126944549938301
"DF086","F",0,0,1.17121256633554,"11",FALSE,10,TRUE,0.6,72.6833333333333,18.3478922908096,3,22.8333333333333,0.126944549938301
"BM307","M",0,0,0.98381855572185,"1B",FALSE,13,TRUE,0,56.9333333333333,37.5625861568114,1,24.8333333333333,-0.0604494606753852
"BF309","F",4,0.0625,1.04920962005014,"1B",FALSE,13,TRUE,0.714285714285714,56.9333333333333,37.5625861568114,1,24.8333333333333,0.0567451469787619
"BM311","M",0,0.0625,1.03066705837527,"1B",FALSE,13,TRUE,0.7,56.9333333333333,37.5625861568114,1,24.8333333333333,0.0382025853038975
"BM311","M",0,0.0625,1.03066705837527,"1B",FALSE,13,TRUE,0.7,61.3666666666667,32.8980334679842,2,24.4615384615385,0.0382025853038975
"FM132","M",0,0,0.985210270007381,"4B",FALSE,7,TRUE,0.583333333333333,56.425,37.344760494126,1,12.75,-0.0590577463898546
"FM132","M",0,0,0.985210270007381,"4B",FALSE,7,TRUE,0.583333333333333,68.1916666666667,36.9015510473065,2,15.5833333333333,-0.0590577463898546
"FM132","M",3,0,0.985210270007381,"4B",FALSE,7,TRUE,0.583333333333333,67.0083333333333,18.0022452303409,3,12,-0.0590577463898546
"FF133","F",0,0,1.0174360289128,"4B",FALSE,7,TRUE,0.555555555555556,56.425,37.344760494126,1,12.75,-0.0268319874844379
"FF133","F",0,0,1.0174360289128,"4B",FALSE,7,TRUE,0.555555555555556,68.1916666666667,36.9015510473065,2,15.5833333333333,-0.0268319874844379
"FF133","F",2,0,1.0174360289128,"4B",FALSE,7,TRUE,0.555555555555556,67.0083333333333,18.0022452303409,3,12,-0.0268319874844379
"FF133","F",4,0,1.0174360289128,"4B",FALSE,7,TRUE,0.555555555555556,55.3583333333333,49.4086937203516,4,9.41666666666667,-0.0268319874844379
"FF135","F",0,0,0.890121550415007,"4B",FALSE,7,TRUE,0.714285714285714,56.425,37.344760494126,1,12.75,-0.154146465982228
"FF138","F",0,0,0.98381855572185,"4B",FALSE,7,TRUE,0.6,56.425,37.344760494126,1,12.75,-0.0604494606753852
"FF138","F",2,0,0.98381855572185,"4B",FALSE,7,TRUE,0.6,68.1916666666667,36.9015510473065,2,15.5833333333333,-0.0604494606753852
"DM090","M",1,0,0.911108734629186,"11",FALSE,10,TRUE,0.714285714285714,55.3166666666667,35.9780446518387,1,14.6666666666667,-0.13315928176805
"DM090","M",3,0,0.911108734629186,"11",FALSE,10,TRUE,0.714285714285714,68.8,26.7497833466163,2,27.5833333333333,-0.13315928176805
"VM050","M",0,0,0.98381855572185,"15",FALSE,9,TRUE,NA,58.2666666666667,36.1406427807539,1,14.3333333333333,-0.0604494606753852
"VM050","M",0,0,0.98381855572185,"15",FALSE,9,TRUE,NA,67.4083333333333,25.4857342745927,2,12.3333333333333,-0.0604494606753852
"VM054","M",0,0,0.936970053068429,"15",FALSE,9,TRUE,0.727272727272727,58.2666666666667,36.1406427807539,1,14.3333333333333,-0.107297963328807
"VM054","M",0,0,0.936970053068429,"15",FALSE,9,TRUE,0.727272727272727,67.4083333333333,25.4857342745927,2,12.3333333333333,-0.107297963328807
"VF056","F",0,0,0.959061825925458,"15",FALSE,9,TRUE,0.8,58.2666666666667,36.1406427807539,1,14.3333333333333,-0.0852061904717771
"HF125","F",1,0.015625,1.14459231278197,"1H",FALSE,6,TRUE,0.833333333333333,58.2416666666667,36.1244177891639,1,13.9166666666667,0.113275182216196
"HF125","F",0,0.015625,1.14459231278197,"1H",FALSE,6,TRUE,0.833333333333333,67.4083333333333,25.4857342745927,2,16,0.113275182216196
"HF125","F",0,0.015625,1.14459231278197,"1H",FALSE,6,TRUE,0.833333333333333,73.275,34.4273444438363,3,13.5833333333333,0.113275182216196
"HF125","F",0,0.015625,1.14459231278197,"1H",FALSE,6,TRUE,0.833333333333333,52.7333333333333,41.3639793525573,4,13.5833333333333,0.113275182216196
"HF125","F",3,0.015625,1.14459231278197,"1H",FALSE,6,TRUE,0.833333333333333,60.65,45.8286829596726,5,14.8461538461539,0.113275182216196
"HF125","F",2,0.015625,1.14459231278197,"1H",FALSE,6,TRUE,0.833333333333333,64.4333333333333,43.6976249267901,6,13.5,0.113275182216196
"HF125","F",3,0.015625,1.14459231278197,"1H",FALSE,6,TRUE,0.833333333333333,63.7833333333333,42.7679113638279,7,18.5,0.113275182216196
"HM131","M",0,0.0625,0.937083048167449,"1H",FALSE,4,TRUE,NA,61.225,40.2492715913762,1,14.1666666666667,-0.0553814249039256
"VF059","F",0,0.015625,1.15320345341831,"15",FALSE,8,TRUE,0.666666666666667,60.2416666666667,39.5077313108882,1,14.0833333333333,0.121886322852544
"VF060","F",0,0,1.03605251843485,"15",FALSE,8,TRUE,0.857142857142857,60.2416666666667,39.5077313108882,1,14.0833333333333,-0.00821549796238194
"DM101","M",0,0,1.1964509673261,"11",FALSE,14,TRUE,0.916666666666667,58.9083333333333,37.5433436379227,1,19.8333333333333,0.152182950928868
"DF102","F",0,0.25,0.650633148980345,"11",FALSE,14,TRUE,1,58.9083333333333,37.5433436379227,1,19.8333333333333,-0.186420694113446
"DF110","F",1,0.125,1.34648232907279,"11",FALSE,14,TRUE,0.818181818181818,58.9083333333333,37.5433436379227,1,19.8333333333333,0.40582139932728
"DF111","F",0,0.125,0.633360598419279,"11",FALSE,14,TRUE,0.923076923076923,58.9083333333333,37.5433436379227,1,19.8333333333333,-0.307300331326234
"BF348","F",1,0.125,0.973549029079922,"1B",FALSE,13,TRUE,0.6,60.075,33.4587432519513,1,23.6666666666666,0.0328880993344087
"BF348","F",3,0.125,0.973549029079922,"1B",FALSE,13,TRUE,0.6,68.325,20.7016523275537,2,27.6666666666666,0.0328880993344087
"BF338","F",0,0.0625,0.812821307139574,"1B",FALSE,13,TRUE,0,60.075,33.4587432519513,1,23.6666666666666,-0.1796431659318
"BF338","F",1,0.0625,0.812821307139574,"1B",FALSE,13,TRUE,0,68.325,20.7016523275537,2,27.6666666666666,-0.1796431659318
"BF341","F",2,0.03125,1.33222427757833,"1B",FALSE,13,TRUE,0.8,60.075,33.4587432519513,1,23.6666666666666,0.313858032844027
"HF132","F",0,0.0625,0.851855400444932,"1H",FALSE,12,TRUE,0.833333333333333,59.8833333333333,33.4214093966817,1,15.1666666666667,-0.140609072626443
"HF138","F",0,0.0625,1.07680587059349,"1H",FALSE,12,TRUE,0.5625,59.8833333333333,33.4214093966817,1,15.1666666666667,0.0843413975221186
"DF117","F",0,0.0625,0.98381855572185,"11",FALSE,7,TRUE,1,66.025,27.672044475509,1,25.9166666666666,-0.0086459173495241
"DM118","M",0,0.125,1.061059937331,"11",FALSE,7,TRUE,0.6,66.025,27.672044475509,1,25.9166666666666,0.120399007585491
"FF144","F",0,0,0.749576042454743,"4B",FALSE,2,TRUE,NA,68.175,26.6355239551175,1,15.75,-0.294691973942492
"FF144","F",0,0,0.749576042454743,"4B",FALSE,2,TRUE,NA,64.8,17.9923721211366,2,11.5,-0.294691973942492
"FF144","F",0,0,0.749576042454743,"4B",FALSE,2,TRUE,NA,56.9916666666667,50.501493377259,3,9.5,-0.294691973942492
"FF144","F",0,0,0.749576042454743,"4B",TRUE,2,TRUE,NA,60.475,53.8588918125199,4,11.9166666666667,-0.294691973942492
"FF144","F",0,0,0.749576042454743,"4B",TRUE,2,TRUE,NA,68.85,41.8927743823985,5,8,-0.294691973942492
"FF145","F",0,0.125,0.702727539801322,"4B",FALSE,2,TRUE,1,68.175,26.6355239551175,1,15.75,-0.237933389944191
"FF145","F",1,0.125,0.702727539801322,"4B",FALSE,2,TRUE,1,64.8,17.9923721211366,2,11.5,-0.237933389944191
"FF145","F",5,0.125,0.702727539801322,"4B",FALSE,2,TRUE,1,56.9916666666667,50.501493377259,3,9.5,-0.237933389944191
"GM049","M",0,0.015625,1.3117580742958,"7A",FALSE,6,TRUE,NA,67.75,26.6792224229064,1,10.6666666666667,0.28044094373003
"GM049","M",0,0.015625,1.3117580742958,"7A",FALSE,6,TRUE,NA,67.0583333333333,18.5480436769602,2,10.5833333333333,0.28044094373003
"GM049","M",4,0.015625,1.3117580742958,"7A",FALSE,6,TRUE,NA,59.5916666666667,51.9747221486007,4,18.4166666666666,0.28044094373003
"GM049","M",2,0.015625,1.3117580742958,"7A",FALSE,6,TRUE,NA,70.3166666666667,43.9947483091775,5,20.8333333333333,0.28044094373003
"GM049","M",2,0.015625,1.3117580742958,"7A",FALSE,6,TRUE,NA,60.0916666666667,38.3908004684203,6,20.3076923076923,0.28044094373003
"GM049","M",2,0.015625,1.3117580742958,"7A",FALSE,6,TRUE,NA,71.6,58.0222715860039,7,16,0.28044094373003
"BM352","M",0,0.0625,1.12436406368211,"1B",FALSE,21,TRUE,0.894736842105263,70.3583333333333,29.0628928777615,1,25.6666666666667,0.13189959061074
"BM354","M",0,0.125,1.12436406368211,"1B",FALSE,21,TRUE,0.153846153846154,70.3583333333333,29.0628928777615,1,25.6666666666667,0.183703133936601
"BM354","M",0,0.125,1.12436406368211,"1B",FALSE,21,TRUE,0.153846153846154,70.9666666666667,27.7959883741696,2,25.25,0.183703133936601
"BM354","M",0,0.125,1.12436406368211,"1B",FALSE,21,TRUE,0.153846153846154,51.2,42.6297591318126,3,19.5384615384615,0.183703133936601
"BM360","M",0,0.0625,0.98381855572185,"1B",FALSE,21,TRUE,0.4,70.3583333333333,29.0628928777615,1,25.6666666666667,-0.0086459173495241
"BF361","F",3,0,1.17121256633554,"1B",FALSE,21,TRUE,0.705882352941177,70.3583333333333,29.0628928777615,1,25.6666666666667,0.126944549938301
"BM362","M",0,0.125,0.421636523880793,"1B",FALSE,21,TRUE,0.384615384615385,70.3583333333333,29.0628928777615,1,25.6666666666667,-0.51902440586472
"BF363","F",1,0.0625,0.890121550415007,"1B",FALSE,21,TRUE,0.4,70.3583333333333,29.0628928777615,1,25.6666666666667,-0.102342922656367
"BF365","F",0,0,0.702727539801322,"1B",FALSE,21,TRUE,0.8,70.3583333333333,29.0628928777615,1,25.6666666666667,-0.341540476595914
"VM082","M",0,0.0078125,1.18443162362867,"15",FALSE,8,FALSE,0.952380952380952,70.3833333333333,22.6749695131932,1,12.0769230769231,0.14663905014717
"VF083","F",0,0.0078125,1.05810326609037,"15",FALSE,8,FALSE,0.789473684210526,70.3833333333333,22.6749695131932,1,12.0769230769231,0.0203106926088632
"HM163","M",0,0.125,0.98381855572185,"1H",FALSE,13,TRUE,NA,68.75,19.7851872966529,1,14.4166666666667,0.043157625976337
"HM166","M",0,0.0625,0.890121550415007,"1H",FALSE,13,TRUE,0.785714285714286,68.75,19.7851872966529,1,14.4166666666667,-0.102342922656367
"HM166","M",0,0.0625,0.890121550415007,"1H",FALSE,13,TRUE,0.785714285714286,66.6833333333333,44.2442566038152,2,13.6666666666667,-0.102342922656367
"HM166","M",5,0.0625,0.890121550415007,"1H",FALSE,13,TRUE,0.785714285714286,53.7,34.3486932396667,3,13.9166666666667,-0.102342922656367
"HM166","M",3,0.0625,0.890121550415007,"1H",FALSE,13,TRUE,0.785714285714286,54.4416666666667,53.4265248786224,4,14.9166666666667,-0.102342922656367
"FM150","M",0,0.0625,1.17121256633554,"4B",FALSE,5,TRUE,0.75,67.9333333333333,20.6636410297426,1,13.9166666666667,0.178748093264162
"FF152","F",0,0.09375,0.843273047761586,"4B",FALSE,5,TRUE,0.933333333333333,67.9333333333333,20.6636410297426,1,13.9166666666667,-0.123289653646858
"FF152","F",0,0.09375,0.843273047761586,"4B",FALSE,5,TRUE,0.933333333333333,68.3083333333333,45.2917905130586,2,9.91666666666666,-0.123289653646858
"FF152","F",2,0.09375,0.843273047761586,"4B",FALSE,5,TRUE,0.933333333333333,53.9833333333333,34.6939301301941,3,11.3333333333333,-0.123289653646858
"VM087","M",0,0.015625,1.12436406368211,"15",FALSE,9,TRUE,0.923076923076923,71.6833333333333,19.4508627213823,1,11.9166666666667,0.0930469331163445
"BM410","M",0,0,1.11436297066945,"1B",FALSE,15,TRUE,0.647058823529412,68.7333333333333,18.7293805815808,1,25.9166666666666,0.0700949542722148
"BM410","M",2,0,1.11436297066945,"1B",FALSE,15,TRUE,0.647058823529412,54.2,49.7026247706387,2,19.5833333333333,0.0700949542722148
"BM410","M",3,0,1.11436297066945,"1B",FALSE,15,TRUE,0.647058823529412,50.55,35.8254734156374,3,17,0.0700949542722148
"BM410","M",4,0,1.11436297066945,"1B",FALSE,15,TRUE,0.647058823529412,75.8833333333333,46.3221885441,4,14.0833333333333,0.0700949542722148
"BM410","M",4,0,1.11436297066945,"1B",FALSE,15,TRUE,0.647058823529412,61.825,43.4555807693327,5,19.4166666666666,0.0700949542722148
"BF411","F",3,0.0625,0.788168216005905,"1B",FALSE,15,TRUE,NA,68.7333333333333,18.7293805815808,1,25.9166666666666,-0.20429625706547
"BF411","F",4,0.0625,0.788168216005905,"1B",FALSE,15,TRUE,NA,54.2,49.7026247706387,2,19.5833333333333,-0.20429625706547
"BM416","M",1,0.0390625,1.47082462765252,"1B",FALSE,15,TRUE,0.842105263157895,68.7333333333333,18.7293805815808,1,25.9166666666666,0.458933825833945
"BM416","M",1,0.0390625,1.47082462765252,"1B",FALSE,15,TRUE,0.842105263157895,54.2,49.7026247706387,2,19.5833333333333,0.458933825833945
"BF418","F",0,0.0625,1.17121256633554,"1B",TRUE,15,TRUE,0.444444444444444,68.7333333333333,18.7293805815808,1,25.9166666666666,0.178748093264162
"BM419","M",0,0,1.21806106898896,"1B",FALSE,15,TRUE,0.888888888888889,68.7333333333333,18.7293805815808,1,25.9166666666666,0.173793052591722
"BM419","M",0,0,1.21806106898896,"1B",FALSE,15,TRUE,0.888888888888889,54.2,49.7026247706387,2,19.5833333333333,0.173793052591722
"BM420","M",0,0.0625,1.0941466589274,"1B",FALSE,15,TRUE,NA,68.7333333333333,18.7293805815808,1,25.9166666666666,0.101682185856028
"BM420","M",1,0.0625,1.0941466589274,"1B",FALSE,15,TRUE,NA,54.2,49.7026247706387,2,19.5833333333333,0.101682185856028
"VM096","M",0,0.015625,0.589039523156146,"15",TRUE,3,TRUE,0.6,64.425,18.2264605350672,1,11.2307692307692,-0.442277607409624
"VM096","M",0,0.015625,0.589039523156146,"15",TRUE,3,TRUE,0.6,58.475,51.9371320137932,2,7.16666666666667,-0.442277607409624
"VM096","M",0,0.015625,0.589039523156146,"15",FALSE,3,TRUE,0.6,48.6166666666667,37.0782669334461,3,4.58333333333333,-0.442277607409624
"VM096","M",0,0.015625,0.589039523156146,"15",FALSE,3,TRUE,0.6,76.125,46.7507340729922,4,4.75,-0.442277607409624
"VM096","M",0,0.015625,0.589039523156146,"21",TRUE,3,TRUE,0.6,64.55,43.4187956786208,5,5.66666666666666,-0.442277607409624
"DF130","F",0,0.25,0.776674122195867,"11",FALSE,17,TRUE,0.176470588235294,64.75,18.0183492332375,1,21.5384615384616,-0.0603797208979237
"DF130","F",0,0.25,0.776674122195867,"11",FALSE,17,TRUE,0.176470588235294,58.1583333333333,51.5828452515216,2,20.4166666666667,-0.0603797208979237
"DF130","F",2,0.25,0.776674122195867,"11",FALSE,17,TRUE,0.176470588235294,53.5666666666667,40.9810673212385,3,22.4166666666666,-0.0603797208979237
"DF130","F",3,0.25,0.776674122195867,"11",FALSE,17,TRUE,0.176470588235294,71.1666666666667,40.5946107783093,4,20.8333333333334,-0.0603797208979237
"DM131","M",0,0.25,0.893000666789028,"11",FALSE,17,TRUE,0.583333333333333,64.75,18.0183492332375,1,21.5384615384616,0.0559468236952374
"DM131","M",0,0.25,0.893000666789028,"11",FALSE,17,TRUE,0.583333333333333,58.1583333333333,51.5828452515216,2,20.4166666666667,0.0559468236952374
"DM131","M",0,0.25,0.893000666789028,"11",FALSE,17,TRUE,0.583333333333333,53.5666666666667,40.9810673212385,3,22.4166666666666,0.0559468236952374
"DF136","F",0,0.125,0.998059568764208,"11",FALSE,17,TRUE,1,64.75,18.0183492332375,1,21.5384615384616,0.0573986390186951
"DF137","F",0,0.25,0.719296369444094,"11",FALSE,17,TRUE,0.866666666666667,64.75,18.0183492332375,1,21.5384615384616,-0.117757473649697
"DF137","F",0,0.25,0.719296369444094,"11",FALSE,17,TRUE,0.866666666666667,58.1583333333333,51.5828452515216,2,20.4166666666667,-0.117757473649697
"DF137","F",1,0.25,0.719296369444094,"11",FALSE,17,TRUE,0.866666666666667,53.5666666666667,40.9810673212385,3,22.4166666666666,-0.117757473649697
"DM138","M",0,0.125,1.08897759801969,"11",FALSE,17,TRUE,0.8,64.75,18.0183492332375,1,21.5384615384616,0.148316668274179
"DM138","M",0,0.125,1.08897759801969,"11",FALSE,17,TRUE,0.8,58.1583333333333,51.5828452515216,2,20.4166666666667,0.148316668274179
"DM138","M",0,0.125,1.08897759801969,"11",FALSE,17,TRUE,0.8,53.5666666666667,40.9810673212385,3,22.4166666666666,0.148316668274179
"DF139","F",0,0.0625,1.2467803737031,"11",FALSE,17,TRUE,0.416666666666667,64.75,18.0183492332375,1,21.5384615384616,0.254315900631722
"DF139","F",0,0.0625,1.2467803737031,"11",FALSE,17,TRUE,0.416666666666667,58.1583333333333,51.5828452515216,2,20.4166666666667,0.254315900631722
"DF139","F",1,0.0625,1.2467803737031,"11",FALSE,17,TRUE,0.416666666666667,53.5666666666667,40.9810673212385,3,22.4166666666666,0.254315900631722
"DF139","F",2,0.0625,1.2467803737031,"11",FALSE,17,TRUE,0.416666666666667,71.1666666666667,40.5946107783093,4,20.8333333333334,0.254315900631722
"DM143","M",0,0.0625,0.959061825925458,"11",FALSE,17,TRUE,0.1875,64.75,18.0183492332375,1,21.5384615384616,-0.033402647145916
"DM143","M",1,0.0625,0.959061825925458,"11",FALSE,17,TRUE,0.1875,58.1583333333333,51.5828452515216,2,20.4166666666667,-0.033402647145916
"DM143","M",0,0.0625,0.959061825925458,"11",FALSE,17,TRUE,0.1875,53.5666666666667,40.9810673212385,3,22.4166666666666,-0.033402647145916
"DM144","M",0,0.0625,0.929512670525174,"11",FALSE,17,TRUE,NA,64.75,18.0183492332375,1,21.5384615384616,-0.0629518025462004
"DM144","M",0,0.0625,0.929512670525174,"11",FALSE,17,TRUE,NA,58.1583333333333,51.5828452515216,2,20.4166666666667,-0.0629518025462004
"DM144","M",0,0.0625,0.929512670525174,"11",FALSE,17,TRUE,NA,53.5666666666667,40.9810673212385,3,22.4166666666666,-0.0629518025462004
"HF178","F",1,0,1.00701491722173,"1H",FALSE,10,TRUE,0.909090909090909,65.6583333333333,17.8051299213219,1,13.5,-0.0372530991755041
"HF178","F",3,0,1.00701491722173,"1H",FALSE,10,TRUE,0.909090909090909,57.475,50.8905443083487,2,13.5833333333333,-0.0372530991755041
"HF178","F",5,0,1.00701491722173,"1H",FALSE,10,TRUE,0.909090909090909,56.7916666666667,46.8434036946182,3,14.75,-0.0372530991755041
"HF178","F",2,0,1.00701491722173,"1H",FALSE,10,TRUE,0.909090909090909,68.3,41.2385080410839,4,13.3333333333333,-0.0372530991755041
"HF178","F",3,0,1.00701491722173,"1H",FALSE,10,TRUE,0.909090909090909,64.2916666666667,42.3417579901564,5,18.1666666666667,-0.0372530991755041
"HF178","F",8,0,1.00701491722173,"1H",FALSE,10,TRUE,0.909090909090909,73.3272727272727,57.8595038158657,6,17.6923076923077,-0.0372530991755041
"HM180","M",0,0.28125,0.767249460740367,"1H",FALSE,10,TRUE,1,65.6583333333333,17.8051299213219,1,13.5,-0.0439026106904936
"HM180","M",0,0.28125,0.767249460740367,"1H",FALSE,10,TRUE,1,57.475,50.8905443083487,2,13.5833333333333,-0.0439026106904936
"HM180","M",0,0.28125,0.767249460740367,"1H",FALSE,10,TRUE,1,56.7916666666667,46.8434036946182,3,14.75,-0.0439026106904936
"HM180","M",1,0.28125,0.767249460740367,"1H",FALSE,10,TRUE,1,68.3,41.2385080410839,4,13.3333333333333,-0.0439026106904936
"HM180","M",0,0.28125,0.767249460740367,"1H",FALSE,10,TRUE,1,64.2916666666667,42.3417579901564,5,18.1666666666667,-0.0439026106904936
"HM180","M",0,0.28125,0.767249460740367,"1H",FALSE,10,TRUE,1,73.3272727272727,57.8595038158657,6,17.6923076923077,-0.0439026106904936
"GM056","M",0,0.125,0.479530912962729,"7A",TRUE,1,TRUE,NA,66.5083333333333,18.3762424853066,1,10.5833333333333,-0.461130016782784
"GM056","M",0,0.125,0.479530912962729,"7A",TRUE,1,TRUE,NA,56.35,55.5228945407371,2,13.6666666666667,-0.461130016782784
"GM056","M",0,0.125,0.479530912962729,"7A",TRUE,1,TRUE,NA,57.8,48.5224034479295,3,18.4166666666666,-0.461130016782784
"BF426","F",1,0.03125,1.1016494846481,"1B",FALSE,12,TRUE,0.727272727272727,76.4833333333333,44.3974985645349,1,24.5,0.0832832399137905
"BF426","F",5,0.03125,1.1016494846481,"1B",FALSE,12,TRUE,0.727272727272727,52.3,41.1188742329094,2,19.6666666666666,0.0832832399137905
"HM181","M",0,0,1.03809352916354,"1H",TRUE,4,TRUE,0,64.1833333333333,39.0435149622323,1,13.6666666666667,-0.0061744872336976
"HM181","M",0,0,1.03809352916354,"1H",TRUE,4,TRUE,0,58.15,39.6295917901578,2,13.8333333333333,-0.0061744872336976
"HF182","F",0,0.08203125,0.936970053068429,"1H",FALSE,4,TRUE,0.142857142857143,64.1833333333333,39.0435149622323,1,13.6666666666667,-0.0393058127136138
"HF182","F",0,0.08203125,0.936970053068429,"1H",FALSE,4,TRUE,0.142857142857143,58.15,39.6295917901578,2,13.8333333333333,-0.0393058127136138
"HF182","F",2,0.08203125,0.936970053068429,"1H",FALSE,4,TRUE,0.142857142857143,50.65,49.4838724875452,3,14.9166666666667,-0.0393058127136138
"HF182","F",0,0.08203125,0.936970053068429,"1H",FALSE,4,TRUE,0.142857142857143,72,39.6393055622137,4,14.5833333333333,-0.0393058127136138
"HF182","F",3,0.08203125,0.936970053068429,"1H",FALSE,4,TRUE,0.142857142857143,69.65,38.3541274299011,5,18.6666666666666,-0.0393058127136138
"HF182","F",4,0.08203125,0.936970053068429,"1H",FALSE,4,TRUE,0.142857142857143,73.9,74.5165753373033,6,17.25,-0.0393058127136138
"HF183","F",0,0.08203125,1.18709582815596,"1H",TRUE,4,TRUE,0.333333333333333,64.1833333333333,39.0435149622323,1,13.6666666666667,0.210819962373917
"HF183","F",0,0.08203125,1.18709582815596,"1H",FALSE,4,TRUE,0.333333333333333,58.15,39.6295917901578,2,13.8333333333333,0.210819962373917
"HF184","F",0,0.08203125,1.12436406368211,"1H",FALSE,4,TRUE,0.5,64.1833333333333,39.0435149622323,1,13.6666666666667,0.148088197900072
"HF184","F",1,0.08203125,1.12436406368211,"1H",FALSE,4,TRUE,0.5,58.15,39.6295917901578,2,13.8333333333333,0.148088197900072
"BM436","M",0,0.0625,1.26490957164238,"1B",TRUE,10,TRUE,0.481481481481481,62.2916666666667,40.1233203179066,1,22.75,0.272445098571005
"BM436","M",0,0.0625,1.26490957164238,"1B",TRUE,10,TRUE,0.481481481481481,59.3,43.8386504437269,2,19,0.272445098571005
"BM436","M",4,0.0625,1.26490957164238,"1B",TRUE,10,TRUE,0.481481481481481,50.4666666666667,49.4590065946874,3,15,0.272445098571005
"BM436","M",8,0.0625,1.26490957164238,"1B",TRUE,10,TRUE,0.481481481481481,72.0583333333333,39.6507355963711,4,17,0.272445098571005
"BM436","M",2,0.0625,1.26490957164238,"1B",TRUE,10,TRUE,0.481481481481481,70.8166666666667,40.3201919487976,5,17.3333333333333,0.272445098571005
"BM436","M",7,0.0625,1.26490957164238,"1B",TRUE,10,TRUE,0.481481481481481,66.5666666666667,65.897091488674,6,15.9166666666667,0.272445098571005
"BM438","M",0,0,1.09690096641605,"1B",TRUE,10,TRUE,0.478260869565217,62.2916666666667,40.1233203179066,1,22.75,0.0526329500188162
"BM438","M",0,0,1.09690096641605,"1B",TRUE,10,TRUE,0.478260869565217,59.3,43.8386504437269,2,19,0.0526329500188162
"BM438","M",3,0,1.09690096641605,"1B",TRUE,10,TRUE,0.478260869565217,50.4666666666667,49.4590065946874,3,15,0.0526329500188162
"BM438","M",4,0,1.09690096641605,"1B",TRUE,10,TRUE,0.478260869565217,72.0583333333333,39.6507355963711,4,17,0.0526329500188162
"BM438","M",3,0,1.09690096641605,"1B",TRUE,10,TRUE,0.478260869565217,70.8166666666667,40.3201919487976,5,17.3333333333333,0.0526329500188162
"BM438","M",2,0,1.09690096641605,"1B",TRUE,10,TRUE,0.478260869565217,66.5666666666667,65.897091488674,6,15.9166666666667,0.0526329500188162
"BF439","F",0,0.03125,0.968986694202664,"1B",FALSE,10,TRUE,0.347826086956522,62.2916666666667,40.1233203179066,1,22.75,-0.0493795505316407
"BF439","F",2,0.03125,0.968986694202664,"1B",FALSE,10,TRUE,0.347826086956522,59.3,43.8386504437269,2,19,-0.0493795505316407
"FM142","M",0,0.125,0.785083271572164,"4B",TRUE,4,TRUE,1,56.525,36.1976424395542,1,14.75,-0.15557765817335
"FM142","M",0,0.125,0.785083271572164,"4B",TRUE,4,TRUE,1,69.7083333333333,19.2398005250165,2,13.9166666666667,-0.15557765817335
"GM061","M",0,0.125,0.90613558095239,"7A",TRUE,3,TRUE,NA,67,44.394369012297,1,12.75,-0.0345253487931228
"GM061","M",0,0.125,0.90613558095239,"7A",TRUE,3,TRUE,NA,53.6916666666667,34.3389113591758,2,15,-0.0345253487931228
"GM061","M",0,0.125,0.90613558095239,"7A",TRUE,3,TRUE,NA,54.4,53.3677635077411,3,20.4166666666667,-0.0345253487931228
"GM061","M",2,0.125,0.90613558095239,"7A",TRUE,3,TRUE,NA,69.7083333333333,36.766745308853,4,20.75,-0.0345253487931228
"GM061","M",0,0.125,0.90613558095239,"7A",TRUE,3,TRUE,NA,82.5666666666667,61.7582137832448,5,19.25,-0.0345253487931228
"GM061","M",0,0.125,0.90613558095239,"7A",TRUE,3,TRUE,NA,29.88,34.913421488018,6,14.4166666666666,-0.0345253487931228
"BM445","M",0,0,0.98381855572185,"1B",TRUE,12,TRUE,0.8,64.1666666666667,44.058562955423,1,19.75,-0.0604494606753852
"BF454","F",1,0,1.05810326609037,"1B",FALSE,12,TRUE,0,64.1666666666667,44.058562955423,1,19.75,0.0138352496931306
"VM107","M",0,0.02734375,1.14503966727178,"15",TRUE,5,TRUE,1,59.6416666666667,46.6387365011558,1,7.83333333333333,0.123435701079608
"VM107","M",0,0.02734375,1.14503966727178,"15",FALSE,5,TRUE,1,52.275,34.0838571494163,2,5.08333333333333,0.123435701079608
"VM107","M",0,0.02734375,1.14503966727178,"15",FALSE,5,TRUE,1,68.9916666666667,50.3998820044314,3,4.53846153846153,0.123435701079608
"VM109","M",0,0.015625,1.10619886909447,"15",TRUE,5,TRUE,1,59.6416666666667,46.6387365011558,1,7.83333333333333,0.0748817385287034
"VM109","M",0,0.015625,1.10619886909447,"15",TRUE,5,TRUE,1,52.275,34.0838571494163,2,5.08333333333333,0.0748817385287034
"GM066","M",0,0,0.609030534494479,"7A",FALSE,8,TRUE,NA,56.6583333333333,56.3804359738913,1,13.6666666666667,-0.435237481902757
"GM066","M",0,0,0.609030534494479,"7A",FALSE,8,TRUE,NA,57.75,48.4339381388336,2,18.4166666666666,-0.435237481902757
"DM165","M",0,0,1.10619886909447,"11",TRUE,4,TRUE,0,57.475,50.8905443083487,1,20.4166666666667,0.0619308526972381
"DM165","M",1,0,1.10619886909447,"11",TRUE,4,TRUE,0,56.7916666666667,46.8434036946182,2,22.4166666666666,0.0619308526972381
"DM165","M",4,0,1.10619886909447,"11",FALSE,4,TRUE,0,68.3,41.2385080410839,3,20.8333333333334,0.0619308526972381
"DM165","M",0,0,1.10619886909447,"11",FALSE,4,TRUE,0,64.2916666666667,42.3417579901564,4,24.6666666666667,0.0619308526972381
"DM165","M",1,0,1.10619886909447,"11",FALSE,4,TRUE,0,73.3272727272727,57.8595038158657,5,22.8461538461539,0.0619308526972381
"DF166","F",0,0,1.12606752452307,"11",FALSE,4,TRUE,0,57.475,50.8905443083487,1,20.4166666666667,0.0817995081258315
"DF166","F",0,0,1.12606752452307,"11",FALSE,4,TRUE,0,56.7916666666667,46.8434036946182,2,22.4166666666666,0.0817995081258315
"BF473","F",3,0.11328125,0.942963035296439,"1B",FALSE,3,TRUE,1,55.4166666666667,40.0356394259218,1,19.5,-0.00741105882267311
"BF473","F",4,0.11328125,0.942963035296439,"1B",FALSE,3,TRUE,1,53.4,47.8274360212173,2,15.4166666666667,-0.00741105882267311
"BF473","F",6,0.11328125,0.942963035296439,"1B",FALSE,3,TRUE,1,69.1666666666667,43.2251049387934,3,16.1538461538462,-0.00741105882267311
"BF473","F",3,0.11328125,0.942963035296439,"1B",FALSE,3,TRUE,1,65.5916666666667,34.5961232282498,4,17.8333333333333,-0.00741105882267311
"DM168","M",0,0.25,0.939467898106827,"11",TRUE,2,TRUE,0.5,51.9666666666667,39.1315806741896,1,20.4166666666667,0.102414055013036
"DM168","M",1,0.25,0.939467898106827,"11",TRUE,2,TRUE,0.5,57.6416666666667,44.9165986394043,2,22.5384615384616,0.102414055013036
"DM168","M",0,0.25,0.939467898106827,"11",FALSE,2,TRUE,0.5,69.2,43.1670328754795,3,21.5833333333334,0.102414055013036
"DM168","M",3,0.25,0.939467898106827,"11",FALSE,2,TRUE,0.5,65.5916666666667,34.5961232282498,4,24.5,0.102414055013036
"HM195","M",0,0.01953125,1.16266948852896,"1H",TRUE,4,TRUE,0.285714285714286,49.5416666666667,40.8376933355656,1,13.5833333333333,0.134590079421055
"HM195","M",2,0.01953125,1.16266948852896,"1H",TRUE,4,TRUE,0.285714285714286,60.3416666666667,45.5034955367234,2,14.9166666666667,0.134590079421055
"HM195","M",2,0.01953125,1.16266948852896,"1H",TRUE,4,TRUE,0.285714285714286,69.2166666666667,43.1380834347592,3,13.5,0.134590079421055
"HM195","M",0,0.01953125,1.16266948852896,"1H",TRUE,4,TRUE,0.285714285714286,62.5916666666667,37.4219298451233,4,18.6153846153846,0.134590079421055
"HM195","M",0,0.01953125,1.16266948852896,"1H",TRUE,4,TRUE,0.285714285714286,68.2333333333333,64.601335125522,5,17.3333333333333,0.134590079421055
"HM196","M",0,0,1.0041236491841,"1H",TRUE,4,TRUE,0.7,49.5416666666667,40.8376933355656,1,13.5833333333333,-0.0401443672131342
"HF198","F",0,0.06640625,0.845577809839243,"1H",FALSE,2,TRUE,0.545454545454545,55.4166666666667,40.0356394259218,1,13.6666666666667,-0.143648941774265
"HF198","F",1,0.06640625,0.845577809839243,"1H",FALSE,2,TRUE,0.545454545454545,53.4,47.8274360212173,2,14.9166666666667,-0.143648941774265
"HF199","F",0,0.06640625,0.748925175075308,"1H",FALSE,2,TRUE,0.916666666666667,55.4166666666667,40.0356394259218,1,13.6666666666667,-0.2403015765382
"GF074","F",0,0,1.05697226229905,"7A",FALSE,3,TRUE,NA,55.4166666666667,40.0356394259218,1,14.1666666666667,0.0127042459018184
"GF075","F",0,0,0.972512862088103,"7A",FALSE,3,TRUE,NA,55.4166666666667,40.0356394259218,1,14.1666666666667,-0.0717551543091322
"FF165","F",0,0.09375,0.898426422954196,"4B",FALSE,4,TRUE,0.9,55.4166666666667,40.0356394259218,1,9.91666666666667,-0.0681362784542479
"FF165","F",0,0.09375,0.898426422954196,"4B",TRUE,4,TRUE,0.9,53.4,47.8274360212173,2,11.1666666666667,-0.0681362784542479
"DF169","F",0,0,1.00518205114525,"11",FALSE,5,TRUE,0.6,53.5916666666667,34.2232100490384,1,21.6666666666667,-0.0390859652519876
"DF169","F",2,0,1.00518205114525,"11",FALSE,5,TRUE,0.6,58.8583333333333,61.2851970608554,2,21.8333333333334,-0.0390859652519876
"DF169","F",4,0,1.00518205114525,"11",FALSE,5,TRUE,0.6,71.2416666666667,37.1660758887685,3,23.0833333333334,-0.0390859652519876
"DM170","M",0,0.25,0.845577809839243,"11",TRUE,5,TRUE,0.375,53.5916666666667,34.2232100490384,1,21.6666666666667,0.00852396674545223
"DM170","M",0,0.25,0.845577809839243,"11",TRUE,5,TRUE,0.375,58.8583333333333,61.2851970608554,2,21.8333333333334,0.00852396674545223
"DM170","M",0,0.25,0.845577809839243,"11",FALSE,5,TRUE,0.375,71.2416666666667,37.1660758887685,3,23.0833333333334,0.00852396674545223
"DM170","M",1,0.25,0.845577809839243,"11",FALSE,5,TRUE,0.375,78.9833333333333,53.1887690355318,4,24.25,0.00852396674545223
"DM171","M",0,0.1875,0.563033762261533,"11",TRUE,5,TRUE,0.75,53.5916666666667,34.2232100490384,1,21.6666666666667,-0.325823624158119
"DM171","M",0,0.1875,0.563033762261533,"11",TRUE,5,TRUE,0.75,58.8583333333333,61.2851970608554,2,21.8333333333334,-0.325823624158119
"DM171","M",0,0.1875,0.563033762261533,"11",FALSE,5,TRUE,0.75,71.2416666666667,37.1660758887685,3,23.0833333333334,-0.325823624158119
"DM171","M",0,0.1875,0.563033762261533,"11",FALSE,5,TRUE,0.75,78.9833333333333,53.1887690355318,4,24.25,-0.325823624158119
"DM171","M",0,0.1875,0.563033762261533,"11",FALSE,5,TRUE,0.75,29.725,39.3264436056283,5,19.3076923076923,-0.325823624158119
"BF484","F",2,0,0.839825606753604,"1B",FALSE,9,TRUE,0.666666666666667,53.625,34.2614314035211,1,18.6666666666667,-0.204442409643631
"BF484","F",5,0,0.839825606753604,"1B",FALSE,9,TRUE,0.666666666666667,57.525,58.6037250600087,2,14.5,-0.204442409643631
"BF484","F",4,0,0.839825606753604,"1B",FALSE,9,TRUE,0.666666666666667,67.4083333333333,37.5939902918087,3,17.75,-0.204442409643631
"BF484","F",2,0,0.839825606753604,"1B",FALSE,9,TRUE,0.666666666666667,82.0666666666667,60.5254617095278,4,17,-0.204442409643631
"BM486","M",1,0,0.921327974609782,"1B",TRUE,9,TRUE,0.333333333333333,53.625,34.2614314035211,1,18.6666666666667,-0.122940041787453
"BF487","F",0,0,0.972512862088103,"1B",FALSE,9,TRUE,0.363636363636364,53.625,34.2614314035211,1,18.6666666666667,-0.0717551543091322
"BF487","F",3,0,0.972512862088103,"1B",FALSE,9,TRUE,0.363636363636364,57.525,58.6037250600087,2,14.5,-0.0717551543091322
"FM173","M",0,0.09375,0.845577809839243,"4B",TRUE,7,TRUE,0.923076923076923,54.75,32.2135347048693,1,11.75,-0.120984891569201
"DF178","F",1,0,1.07488263704475,"11",FALSE,8,TRUE,0.75,52.275,34.0838571494163,1,21.8333333333333,0.0306146206475103
"DM179","M",0,0.25,1.16266948852896,"11",TRUE,8,TRUE,0.8,52.275,34.0838571494163,1,21.8333333333333,0.325615645435168
"DM179","M",0,0.25,1.16266948852896,"11",FALSE,8,TRUE,0.8,68.9916666666667,50.3998820044314,2,21.75,0.325615645435168
"DM179","M",0,0.25,1.16266948852896,"11",FALSE,8,TRUE,0.8,63.2,44.3626173504429,3,23.6923076923077,0.325615645435168
"DM179","M",0,0.25,1.16266948852896,"11",FALSE,8,TRUE,0.8,78.2166666666667,51.0207949286515,4,23.5,0.325615645435168
"DM180","M",0,0.25,0.792729196724291,"11",TRUE,8,TRUE,0.833333333333333,52.275,34.0838571494163,1,21.8333333333333,-0.0443246463695004
"DM180","M",0,0.25,0.792729196724291,"11",FALSE,8,TRUE,0.833333333333333,68.9916666666667,50.3998820044314,2,21.75,-0.0443246463695004
"DM180","M",1,0.25,0.792729196724291,"11",FALSE,8,TRUE,0.833333333333333,63.2,44.3626173504429,3,23.6923076923077,-0.0443246463695004
"DM180","M",0,0.25,0.792729196724291,"11",FALSE,8,TRUE,0.833333333333333,78.2166666666667,51.0207949286515,4,23.5,-0.0443246463695004
"GF079","F",0,0.0390625,0.870143087131461,"7A",FALSE,7,TRUE,NA,53.8583333333333,34.5386070765438,1,14.9166666666667,-0.141747714687111
"GM080","M",0,0.125,0.921327974609782,"7A",TRUE,7,TRUE,NA,53.8583333333333,34.5386070765438,1,14.9166666666667,-0.0193329551357311
"GM080","M",1,0.125,0.921327974609782,"7A",TRUE,7,TRUE,NA,52.4916666666667,51.0427353629616,2,19.8333333333334,-0.0193329551357311
"GM080","M",1,0.125,0.921327974609782,"7A",TRUE,7,TRUE,NA,73.725,39.3551688877308,3,20.75,-0.0193329551357311
"GM080","M",1,0.125,0.921327974609782,"7A",TRUE,7,TRUE,NA,79.9,55.4926530763717,4,19.25,-0.0193329551357311
"GM080","M",1,0.125,0.921327974609782,"7A",TRUE,7,TRUE,NA,36.28,37.4388434650431,5,14.4166666666666,-0.0193329551357311
"GM082","M",0,0,1.22843729947971,"7A",TRUE,7,TRUE,NA,53.8583333333333,34.5386070765438,1,14.9166666666667,0.184169283082474
"GM082","M",0,0,1.22843729947971,"7A",TRUE,7,TRUE,NA,52.4916666666667,51.0427353629616,2,19.8333333333334,0.184169283082474
"GM082","M",0,0,1.22843729947971,"7A",TRUE,7,TRUE,NA,73.725,39.3551688877308,3,20.75,0.184169283082474
"GM082","M",5,0,1.22843729947971,"7A",TRUE,7,TRUE,NA,79.9,55.4926530763717,4,19.25,0.184169283082474
"GM082","M",3,0,1.22843729947971,"7A",TRUE,7,TRUE,NA,36.28,37.4388434650431,5,14.4166666666666,0.184169283082474
"HM216","M",0,0.0390625,0.790424100473981,"1H",TRUE,10,TRUE,0.7,58.075,49.0170494457147,1,14.8333333333333,-0.221466701344592
"HM216","M",0,0.0390625,0.790424100473981,"1H",TRUE,10,TRUE,0.7,70.2,43.8096709954238,2,13.4166666666667,-0.221466701344592
"HM216","M",0,0.0390625,0.790424100473981,"1H",TRUE,10,TRUE,0.7,59.6916666666667,38.2825727817225,3,18.3333333333334,-0.221466701344592
"HM216","M",0,0.0390625,0.790424100473981,"1H",TRUE,10,TRUE,0.7,67.2363636363636,60.8818408513946,4,17.6666666666667,-0.221466701344592
"HM217","M",0,0.111328125,1.0374316318721,"1H",TRUE,10,TRUE,1,58.075,49.0170494457147,1,14.8333333333333,0.0854386770240543
"HM217","M",0,0.111328125,1.0374316318721,"1H",TRUE,10,TRUE,1,70.2,43.8096709954238,2,13.4166666666667,0.0854386770240543
"HM217","M",0,0.111328125,1.0374316318721,"1H",TRUE,10,TRUE,1,59.6916666666667,38.2825727817225,3,18.3333333333334,0.0854386770240543
"HM217","M",3,0.111328125,1.0374316318721,"1H",TRUE,10,TRUE,1,67.2363636363636,60.8818408513946,4,17.6666666666667,0.0854386770240543
"HF219","F",1,0.111328125,1.0374316318721,"1H",FALSE,10,TRUE,0.875,58.075,49.0170494457147,1,14.8333333333333,0.0854386770240543
"HF220","F",0,0.0390625,0.889227113033228,"1H",FALSE,10,TRUE,0.842105263157895,58.075,49.0170494457147,1,14.8333333333333,-0.122663688785344
"HF220","F",0,0.0390625,0.889227113033228,"1H",FALSE,10,TRUE,0.842105263157895,70.2,43.8096709954238,2,13.4166666666667,-0.122663688785344
"HF220","F",0,0.0390625,0.889227113033228,"1H",FALSE,10,TRUE,0.842105263157895,59.6916666666667,38.2825727817225,3,18.3333333333334,-0.122663688785344
"HM222","M",0,0.111328125,0.952286480793561,"1H",TRUE,10,TRUE,0.944444444444444,58.075,49.0170494457147,1,14.8333333333333,0.00029352594551533
"HM222","M",0,0.111328125,0.952286480793561,"1H",TRUE,10,TRUE,0.944444444444444,70.2,43.8096709954238,2,13.4166666666667,0.00029352594551533
"HM222","M",2,0.111328125,0.952286480793561,"1H",TRUE,10,TRUE,0.944444444444444,59.6916666666667,38.2825727817225,3,18.3333333333334,0.00029352594551533
"HM222","M",0,0.111328125,0.952286480793561,"1H",TRUE,10,TRUE,0.944444444444444,67.2363636363636,60.8818408513946,4,17.6666666666667,0.00029352594551533
"HM223","M",0,0.111328125,1.02369774956642,"1H",TRUE,10,TRUE,0.941176470588235,58.075,49.0170494457147,1,14.8333333333333,0.0717047947183793
"HM223","M",0,0.111328125,1.02369774956642,"1H",TRUE,10,TRUE,0.941176470588235,70.2,43.8096709954238,2,13.4166666666667,0.0717047947183793
"HM223","M",0,0.111328125,1.02369774956642,"1H",TRUE,10,TRUE,0.941176470588235,59.6916666666667,38.2825727817225,3,18.3333333333334,0.0717047947183793
"HM223","M",1,0.111328125,1.02369774956642,"1H",TRUE,10,TRUE,0.941176470588235,67.2363636363636,60.8818408513946,4,17.6666666666667,0.0717047947183793
"BM500","M",0,0.0078125,1.48436173687132,"1B",TRUE,10,TRUE,0.315789473684211,60.6666666666667,45.846350768495,1,15.6666666666667,0.446569163389813
"BM500","M",3,0.0078125,1.48436173687132,"1B",TRUE,10,TRUE,0.315789473684211,69.2416666666667,43.0947678396289,2,15.3333333333333,0.446569163389813
"BM500","M",3,0.0078125,1.48436173687132,"1B",TRUE,10,TRUE,0.315789473684211,59.0083333333333,37.6155301180324,3,18.5,0.446569163389813
"BM500","M",7,0.0078125,1.48436173687132,"1B",TRUE,10,TRUE,0.315789473684211,65.71,61.6438777711677,4,16.1666666666667,0.446569163389813
"BM508","M",1,0.03125,0.938628619312852,"1B",TRUE,10,TRUE,NA,60.6666666666667,45.846350768495,1,15.6666666666667,-0.0797376254214528
"GF084","F",0,0.0390625,0.741022594194357,"7A",TRUE,6,TRUE,NA,60.65,45.8286829596726,1,19.3846153846154,-0.270868207624215
"GF085","F",0,0.0390625,0.889227113033228,"7A",TRUE,6,TRUE,NA,60.65,45.8286829596726,1,19.3846153846154,-0.122663688785344
"GF086","F",0,0.0390625,0.938628619312852,"7A",TRUE,6,TRUE,NA,60.65,45.8286829596726,1,19.3846153846154,-0.0732621825057202
"GM087","M",0,0.0390625,0.921327974609782,"7A",TRUE,6,TRUE,NA,60.65,45.8286829596726,1,19.3846153846154,-0.0905628272087902
"GM087","M",0,0.0390625,0.921327974609782,"7A",TRUE,6,TRUE,NA,64.4333333333333,43.6976249267901,2,20.3333333333333,-0.0905628272087902
"GM087","M",0,0.0390625,0.921327974609782,"7A",TRUE,6,TRUE,NA,63.7833333333333,42.7679113638279,3,20.25,-0.0905628272087902
"GM087","M",0,0.0390625,0.921327974609782,"7A",TRUE,6,TRUE,NA,65.86,61.5436647159289,4,15.4166666666667,-0.0905628272087902
"GM089","M",0,0.125,0.739880583609338,"7A",TRUE,6,TRUE,NA,60.65,45.8286829596726,1,19.3846153846154,-0.200780346136175
"GM089","M",0,0.125,0.739880583609338,"7A",TRUE,6,TRUE,NA,64.4333333333333,43.6976249267901,2,20.3333333333333,-0.200780346136175
"GM089","M",2,0.125,0.739880583609338,"7A",TRUE,6,TRUE,NA,63.7833333333333,42.7679113638279,3,20.25,-0.200780346136175
"GM089","M",0,0.125,0.739880583609338,"7A",TRUE,6,TRUE,NA,65.86,61.5436647159289,4,15.4166666666667,-0.200780346136175
"BF523","F",3,0.052734375,1.21314619420184,"1B",FALSE,6,TRUE,0.5,58.7416666666667,60.9976073798031,1,14.5,0.212587417485799
"BM524","M",0,0.0859375,1.21314619420184,"1B",TRUE,6,TRUE,1,58.7416666666667,60.9976073798031,1,14.5,0.240108049877662
"GM090","M",0,0.125,0.808764129467892,"7A",TRUE,6,TRUE,NA,51.5666666666667,50.1525007684894,1,19.8333333333334,-0.131896800277621
"GM090","M",0,0.125,0.808764129467892,"7A",TRUE,6,TRUE,NA,74.125,40.7061336678125,2,21.1666666666667,-0.131896800277621
"GM090","M",0,0.125,0.808764129467892,"7A",TRUE,6,TRUE,NA,70.4833333333333,39.7264471864853,3,19.4166666666667,-0.131896800277621
"GM090","M",0,0.125,0.808764129467892,"7A",TRUE,6,TRUE,NA,59.2333333333333,61.4610988078367,4,14.25,-0.131896800277621
"GM091","M",0,0.0390625,0.693226396686765,"7A",TRUE,6,TRUE,NA,51.5666666666667,50.1525007684894,1,19.8333333333334,-0.318664405131807
"GF092","F",0,0.0390625,0.693226396686765,"7A",FALSE,6,TRUE,NA,51.5666666666667,50.1525007684894,1,19.8333333333334,-0.318664405131807
"GF092","F",2,0.0390625,0.693226396686765,"7A",FALSE,6,TRUE,NA,74.125,40.7061336678125,2,21.1666666666667,-0.318664405131807
"GF092","F",2,0.0390625,0.693226396686765,"7A",FALSE,6,TRUE,NA,70.4833333333333,39.7264471864853,3,19.4166666666667,-0.318664405131807
"GF092","F",0,0.0390625,0.693226396686765,"7A",FALSE,6,TRUE,NA,59.2333333333333,61.4610988078367,4,14.25,-0.318664405131807
"GF093","F",0,0.125,0.404382064733946,"7A",FALSE,6,TRUE,NA,51.5666666666667,50.1525007684894,1,19.8333333333334,-0.536278865011567
"GF093","F",2,0.125,0.404382064733946,"7A",FALSE,6,TRUE,NA,74.125,40.7061336678125,2,21.1666666666667,-0.536278865011567
"GF093","F",2,0.125,0.404382064733946,"7A",FALSE,6,TRUE,NA,70.4833333333333,39.7264471864853,3,19.4166666666667,-0.536278865011567
"GF093","F",2,0.125,0.404382064733946,"7A",FALSE,6,TRUE,NA,59.2333333333333,61.4610988078367,4,14.25,-0.536278865011567
"BF535","F",3,0.046875,0.944535333727122,"1B",FALSE,9,TRUE,NA,62.975,53.7641841749691,1,14.3333333333333,-0.0608800251757175
"BF535","F",2,0.046875,0.944535333727122,"1B",FALSE,9,TRUE,NA,69.3416666666667,39.8616575473756,2,18.8333333333334,-0.0608800251757175
"BF535","F",2,0.046875,0.944535333727122,"1B",FALSE,9,TRUE,NA,78.1333333333333,51.1492350130893,3,16.4166666666667,-0.0608800251757175
"BF535","F",5,0.046875,0.944535333727122,"1B",FALSE,9,TRUE,NA,8.66666666666667,11.5902257671425,4,18.6666666666667,-0.0608800251757175
"GF096","F",0,0.0390625,0.750995263077329,"7A",FALSE,2,TRUE,NA,64.1166666666667,54.1934386054141,1,20.75,-0.260895538741244
"GF096","F",3,0.0390625,0.750995263077329,"7A",FALSE,2,TRUE,NA,68.075,41.5923097131276,2,20.3333333333334,-0.260895538741244
"GF096","F",2,0.0390625,0.750995263077329,"7A",FALSE,2,TRUE,NA,78.2166666666667,51.0207949286515,3,18.25,-0.260895538741244
"GF096","F",2,0.0390625,0.750995263077329,"7A",FALSE,2,TRUE,NA,12.5,13.4350288425444,4,15.2307692307692,-0.260895538741244
"GM097","M",0,0.0390625,0.577688663905637,"7A",TRUE,2,TRUE,NA,64.1166666666667,54.1934386054141,1,20.75,-0.434202137912935
"GM097","M",0,0.0390625,0.577688663905637,"7A",TRUE,2,TRUE,NA,68.075,41.5923097131276,2,20.3333333333334,-0.434202137912935
"DM189","M",0,0.25,0.842224763282443,"11",FALSE,4,TRUE,0.5,68.9916666666667,50.3998820044314,1,21.6666666666667,0.00517092018865232
"DM189","M",0,0.25,0.842224763282443,"11",FALSE,4,TRUE,0.5,64.2,43.2746619124444,2,23.8333333333333,0.00517092018865232
"DM189","M",0,0.25,0.842224763282443,"11",FALSE,4,TRUE,0.5,77.4666666666667,51.7823124125205,3,23.5,0.00517092018865232
"DM189","M",0,0.25,0.842224763282443,"11",FALSE,4,TRUE,0.5,11,15.556349186104,4,18,0.00517092018865232
"VM129","M",0,0.078125,1.00734242226269,"15",TRUE,3,TRUE,0.714285714285714,73.8666666666667,46.540174889958,1,4.58333333333334,0.0278288350227785
"GM099","M",0,0.03125,0.900147495306255,"7A",TRUE,7,TRUE,NA,70.3,43.9681289530992,1,20.8333333333333,-0.118218749428049
"GM099","M",0,0.03125,0.900147495306255,"7A",TRUE,7,TRUE,NA,60.3666666666667,38.493974341526,2,20.3076923076923,-0.118218749428049
"GM102","M",0,0.03125,1.05857474656279,"7A",TRUE,7,TRUE,NA,70.3,43.9681289530992,1,20.8333333333333,0.0402085018284864
"GF103","F",0,0.03125,1.11536588995986,"7A",FALSE,7,TRUE,NA,70.3,43.9681289530992,1,20.8333333333333,0.0969996452255543
"DF190","F",0,0.25,1.04417742036704,"11",FALSE,7,TRUE,1,70.3,43.9681289530992,1,20.8333333333334,0.207123577273246
"DF190","F",0,0.25,1.04417742036704,"11",FALSE,7,TRUE,1,60.3666666666667,38.493974341526,2,24.6153846153846,0.207123577273246
"DF190","F",1,0.25,1.04417742036704,"11",FALSE,7,TRUE,1,71.2363636363636,58.1284658790729,3,22.75,0.207123577273246
"DM192","M",0,0,0.928157706992922,"11",FALSE,7,TRUE,0.5,70.3,43.9681289530992,1,20.8333333333334,-0.116110309404314
"DM192","M",0,0,0.928157706992922,"11",FALSE,7,TRUE,0.5,60.3666666666667,38.493974341526,2,24.6153846153846,-0.116110309404314
"DM192","M",1,0,0.928157706992922,"11",FALSE,7,TRUE,0.5,71.2363636363636,58.1284658790729,3,22.75,-0.116110309404314
"DM193","M",0,0.25,0.684960130128865,"11",FALSE,7,TRUE,0.5,70.3,43.9681289530992,1,20.8333333333334,-0.152093712964926
"DM193","M",0,0.25,0.684960130128865,"11",FALSE,7,TRUE,0.5,60.3666666666667,38.493974341526,2,24.6153846153846,-0.152093712964926
"DM193","M",0,0.25,0.684960130128865,"11",FALSE,7,TRUE,0.5,71.2363636363636,58.1284658790729,3,22.75,-0.152093712964926
"BM558","M",0,0,1.00500173851581,"1B",TRUE,15,TRUE,0.75,74.225,40.0057069792435,1,17.1666666666666,-0.0392662778814258
"BM558","M",0,0,1.00500173851581,"1B",TRUE,15,TRUE,0.75,73.4,44.7631951089691,2,17,-0.0392662778814258
"BM558","M",4,0,1.00500173851581,"1B",TRUE,15,TRUE,0.75,52.88,61.5190783416007,3,16.8333333333334,-0.0392662778814258
"BF561","F",1,0.115234375,1.06151813263852,"1B",FALSE,15,TRUE,NA,74.225,40.0057069792435,1,17.1666666666666,0.112762899248338
"BF561","F",1,0.115234375,1.06151813263852,"1B",FALSE,15,TRUE,NA,73.4,44.7631951089691,2,17,0.112762899248338
"BF561","F",2,0.115234375,1.06151813263852,"1B",FALSE,15,TRUE,NA,52.88,61.5190783416007,3,16.8333333333334,0.112762899248338
"BM562","M",0,0.099609375,1.25476368357347,"1B",TRUE,15,TRUE,0.923076923076923,74.225,40.0057069792435,1,17.1666666666666,0.293057564351827
"BM564","M",2,0,0.869485643757302,"1B",TRUE,15,TRUE,0.909090909090909,74.225,40.0057069792435,1,17.1666666666666,-0.174782372639934
"BM564","M",3,0,0.869485643757302,"1B",TRUE,15,TRUE,0.909090909090909,73.4,44.7631951089691,2,17,-0.174782372639934
"BM564","M",4,0,0.869485643757302,"1B",TRUE,15,TRUE,0.909090909090909,52.88,61.5190783416007,3,16.8333333333334,-0.174782372639934
"BF566","F",6,0,0.764699252742546,"1B",FALSE,15,TRUE,0.923076923076923,74.225,40.0057069792435,1,17.1666666666666,-0.279568763654689
"BF566","F",0,0,0.764699252742546,"1B",FALSE,15,TRUE,0.923076923076923,73.4,44.7631951089691,2,17,-0.279568763654689
"HF240","F",2,0.088623046875,1.06083516843335,"1H",FALSE,8,TRUE,0.363636363636364,74.5583333333333,40.4747835826284,1,15.3846153846154,0.0900229576114611
"HF240","F",1,0.088623046875,1.06083516843335,"1H",FALSE,8,TRUE,0.363636363636364,76.5666666666667,49.0013419729655,2,18.4166666666666,0.0900229576114611
"HF240","F",0,0.088623046875,1.06083516843335,"1H",FALSE,8,TRUE,0.363636363636364,44.28,46.9687875083017,3,17.1666666666667,0.0900229576114611
"HM241","M",0,0.2314453125,0.78166801884563,"1H",TRUE,8,TRUE,0.923076923076923,74.5583333333333,40.4747835826284,1,15.3846153846154,-0.0707650011730263
"HM241","M",0,0.2314453125,0.78166801884563,"1H",TRUE,8,TRUE,0.923076923076923,76.5666666666667,49.0013419729655,2,18.4166666666666,-0.0707650011730263
"HF242","F",1,0.00390625,0.67000115901054,"1H",FALSE,8,TRUE,NA,74.5583333333333,40.4747835826284,1,15.3846153846154,-0.371029135928829
"HF242","F",1,0.00390625,0.67000115901054,"1H",FALSE,8,TRUE,NA,76.5666666666667,49.0013419729655,2,18.4166666666666,-0.371029135928829
"HF242","F",0,0.00390625,0.67000115901054,"1H",FALSE,8,TRUE,NA,44.28,46.9687875083017,3,17.1666666666667,-0.371029135928829
"HM243","M",0,0.0390625,0.67000115901054,"1H",TRUE,8,TRUE,1,74.5583333333333,40.4747835826284,1,15.3846153846154,-0.341889642808033
"HM246","M",0,0.119140625,1.16801188401939,"1H",TRUE,8,TRUE,0.5,74.5583333333333,40.4747835826284,1,15.3846153846154,0.222494372087073
"HM246","M",1,0.119140625,1.16801188401939,"1H",TRUE,8,TRUE,0.5,76.5666666666667,49.0013419729655,2,18.4166666666666,0.222494372087073
"HM246","M",2,0.119140625,1.16801188401939,"1H",TRUE,8,TRUE,0.5,44.28,46.9687875083017,3,17.1666666666667,0.222494372087073
"BM580","M",1,0.00390625,1.10133492048096,"1B",TRUE,20,TRUE,0.625,69.4,39.7917990637175,1,18.8333333333334,0.0603046255415926
"BF585","F",0,0.068359375,1.00500173851581,"1B",FALSE,20,TRUE,0.733333333333333,69.4,39.7917990637175,1,18.8333333333334,0.0173938476312349
"BF589","F",0,0.021484375,1.25476368357347,"1B",FALSE,20,TRUE,0.642857142857143,69.4,39.7917990637175,1,18.8333333333334,0.2283031351945
"BF589","F",2,0.021484375,1.25476368357347,"1B",FALSE,20,TRUE,0.642857142857143,78.1333333333333,51.1492350130893,2,16.4166666666667,0.2283031351945
"BF589","F",4,0.021484375,1.25476368357347,"1B",FALSE,20,TRUE,0.642857142857143,8.66666666666667,11.5902257671425,3,18.6666666666667,0.2283031351945
"DF200","F",0,0.25,0.881915364739101,"11",FALSE,12,TRUE,1,72.6,38.228285577329,1,23.0833333333334,0.0448615216453098
"DF200","F",0,0.25,0.881915364739101,"11",FALSE,12,TRUE,1,80.5666666666667,51.5399638997534,2,24.1538461538461,0.0448615216453098
"DF200","F",0,0.25,0.881915364739101,"11",FALSE,12,TRUE,1,20.725,22.0537789656709,3,19,0.0448615216453098
"DF201","F",0,0,0.870147850305864,"11",TRUE,12,TRUE,1,72.6,38.228285577329,1,23.0833333333334,-0.174120166091371
"DF201","F",1,0,0.870147850305864,"11",FALSE,12,TRUE,1,80.5666666666667,51.5399638997534,2,24.1538461538461,-0.174120166091371
"DM202","M",0,0.25,0.950245628981243,"11",TRUE,12,TRUE,1,72.6,38.228285577329,1,23.0833333333334,0.113191785887452
"DM204","M",0,0.1484375,1.07089722861177,"11",TRUE,12,TRUE,1,72.6,38.228285577329,1,23.0833333333334,0.14966262761345
"DM204","M",0,0.1484375,1.07089722861177,"11",TRUE,12,TRUE,1,80.5666666666667,51.5399638997534,2,24.1538461538461,0.14966262761345
"DM204","M",0,0.1484375,1.07089722861177,"11",TRUE,12,TRUE,1,20.725,22.0537789656709,3,19,0.14966262761345
"DM206","M",0,0,1.11426386128589,"11",TRUE,12,TRUE,1,72.6,38.228285577329,1,23.0833333333334,0.069995844888651
"DF208","F",0,0.25,0.837501448763175,"11",TRUE,12,TRUE,1,72.6,38.228285577329,1,23.0833333333334,0.000447605669383771
"DF208","F",1,0.25,0.837501448763175,"11",FALSE,12,TRUE,1,80.5666666666667,51.5399638997534,2,24.1538461538461,0.000447605669383771
"DF208","F",0,0.25,0.837501448763175,"11",FALSE,12,TRUE,1,20.725,22.0537789656709,3,19,0.000447605669383771
"DM209","M",0,0.1484375,0.695250504423127,"11",TRUE,12,TRUE,0.75,72.6,38.228285577329,1,23.0833333333334,-0.225984096575188
"DM209","M",3,0.1484375,0.695250504423127,"11",TRUE,12,TRUE,0.75,80.5666666666667,51.5399638997534,2,24.1538461538461,-0.225984096575188
"DM209","M",0,0.1484375,0.695250504423127,"11",TRUE,12,TRUE,0.75,20.725,22.0537789656709,3,19,-0.225984096575188
"HF248","F",0,0.0078125,1.21055446932018,"1H",FALSE,6,TRUE,1,69.4,39.7917990637175,1,16.5833333333333,0.17276189583868
"HF248","F",0,0.0078125,1.21055446932018,"1H",FALSE,6,TRUE,1,78.1333333333333,51.1492350130893,2,18.1666666666667,0.17276189583868
"HF248","F",2,0.0078125,1.21055446932018,"1H",FALSE,6,TRUE,1,8.66666666666667,11.5902257671425,3,16.9166666666667,0.17276189583868
"HF251","F",0,0.10546875,0.985404928851387,"1H",FALSE,6,TRUE,1,69.4,39.7917990637175,1,16.5833333333333,0.028555391816542
"HM253","M",0,0.078125,0.627381841786736,"1H",TRUE,6,TRUE,1,69.4,39.7917990637175,1,16.5833333333333,-0.352131745453173
"BF593","F",3,0.04638671875,1.1166685983509,"1B",FALSE,9,TRUE,0.5,60.1583333333333,44.4766835407934,1,19.4166666666666,0.110848524265827
"BF593","F",3,0.04638671875,1.1166685983509,"1B",FALSE,9,TRUE,0.5,74.3,55.2696859211103,2,16.1666666666667,0.110848524265827
"VM135","M",2,0.0390625,1.22833545818599,"21",TRUE,3,TRUE,0,62.0166666666667,39.5916160393341,1,5.66666666666666,0.216444656367417
"VM136","M",0,0.0390625,1.00500173851581,"21",TRUE,3,TRUE,0,62.0166666666667,39.5916160393341,1,5.66666666666666,-0.00688906330276255
"VM136","M",0,0.0390625,1.00500173851581,"21",FALSE,3,TRUE,0,72.7818181818182,57.8496986713296,2,7,-0.00688906330276255
"DM212","M",0,0.12890625,1.14029475477749,"11",TRUE,6,TRUE,NA,62.9666666666667,43.1897785326224,1,24.6666666666667,0.202871546489844
"DM212","M",0,0.12890625,1.14029475477749,"11",TRUE,6,TRUE,NA,69.3833333333333,56.8334381941626,2,23.0833333333334,0.202871546489844
"DM213","M",0,0.25,0.841134223405398,"11",TRUE,6,TRUE,NA,62.9666666666667,43.1897785326224,1,24.6666666666667,0.00408038031160666
"DM213","M",0,0.25,0.841134223405398,"11",TRUE,6,TRUE,NA,69.3833333333333,56.8334381941626,2,23.0833333333334,0.00408038031160666
"DM215","M",0,0.25,0.949168308598265,"11",TRUE,6,TRUE,NA,62.9666666666667,43.1897785326224,1,24.6666666666667,0.112114465504474
"DM215","M",0,0.25,0.949168308598265,"11",TRUE,6,TRUE,NA,69.3833333333333,56.8334381941626,2,23.0833333333334,0.112114465504474
"GM111","M",0,0.134765625,1.02105567175287,"7A",TRUE,7,TRUE,NA,61.25,39.2583170111182,1,20.25,0.0884890456520216
"GM112","M",0,0.125,0.837501448763175,"7A",TRUE,7,TRUE,NA,61.25,39.2583170111182,1,20.25,-0.103159480982338
"GM115","M",0,0.1640625,0.725834588928085,"7A",TRUE,7,TRUE,NA,61.25,39.2583170111182,1,20.25,-0.182449126238765
"GM117","M",0,0.125,0.530702059488342,"7A",TRUE,6,TRUE,NA,73.5666666666667,44.9294868419259,1,19.25,-0.409958870257171
"GM117","M",0,0.125,0.530702059488342,"7A",TRUE,6,TRUE,NA,52.48,60.7846773455285,2,14.4166666666666,-0.409958870257171
"HF260","F",1,0.2020263671875,1.06083516843335,"1H",FALSE,10,TRUE,0.6,79.9333333333333,51.1368988524179,1,18.3333333333333,0.184018058685143
"HF261","F",0,0.119140625,1.07776799942868,"1H",TRUE,10,TRUE,0.8,79.9333333333333,51.1368988524179,1,18.3333333333333,0.132250487496366
"BM620","M",0,0.099609375,0.78166801884563,"1B",TRUE,16,TRUE,1,78.2166666666667,51.0207949286515,1,16.4166666666667,-0.180038100376015
"BM620","M",0,0.099609375,0.78166801884563,"1B",TRUE,16,TRUE,1,8.33333333333333,11.9303534454489,2,18.6666666666667,-0.180038100376015
"BF627","F",3,0.048828125,1.33269904410209,"1B",FALSE,16,TRUE,0.375,78.2166666666667,51.0207949286515,1,16.4166666666667,0.328902545928182
"BF627","F",2,0.048828125,1.33269904410209,"1B",FALSE,16,TRUE,0.375,8.33333333333333,11.9303534454489,2,18.6666666666667,0.328902545928182
"DF223","F",0,0.375,0.821848550496738,"11",TRUE,5,TRUE,0.75,78.1333333333333,51.1492350130893,1,23.75,0.0884017940546699
"DF223","F",0,0.375,0.821848550496738,"11",TRUE,5,TRUE,0.75,8.66666666666667,11.5902257671425,2,18.4166666666666,0.0884017940546699
"BM638","M",0,0.048828125,0.915533810322006,"1B",TRUE,6,TRUE,1,67.55,58.6848052193782,1,16.1666666666667,-0.0882626878519003
