"indiv","pack","sex","daten","litter","index","rain","rainsd","brain","f","smlh","avweight","avage","dup","old_index","litter_eobservations","escort_eobservations","record_end","litter_eobservations2","fhresid"
"BF622","1B","F",41832,"B1304",0.666666666666667,65.5916666666667,34.5961232282498,0,0.013671875,1.26600007253245,1121.55555555556,365.777777777778,FALSE,0.75,9,6,41923,9,0.259361708699418
"BM620","1B","M",41810,"B1304",0.111111111111111,65.5916666666667,34.5961232282498,0,0.099609375,0.78166801884563,1462.44444444444,365.777777777778,FALSE,1,9,1,42532,9,-0.178495315055636
"TM363","2","M",41915,"T1305",0.5,70.2333333333333,39.2975209334527,2.7,0.125,1.04233345305256,1255.66666666667,363,FALSE,1,2,1,42154,2,0.095901377994775
"DF223","11","F",41807,"D1302",0.6,65.5916666666667,34.5961232282498,1.96,0.375,0.821848550496738,858.25,367.75,FALSE,0.75,5,3,42376,5,0.0106165625131885
"BF627","1B","F",41832,"B1304",0.333333333333333,65.5916666666667,34.5961232282498,0,0.048828125,1.33269904410209,1534.44444444444,365.777777777778,FALSE,0.375,9,3,42532,9,0.345073192513868
"HF261","1H","F",41795,"H1303",0.666666666666667,59.0083333333333,37.6155301180324,3.628,0.119140625,1.07776799942868,1029.625,363.625,FALSE,0.8,6,4,42312,6,0.128167172330088
"DF222","11","F",41821,"D1302",0.8,65.5916666666667,34.5961232282498,1.96,0.125,0.821848550496738,913.5,367.75,FALSE,1,5,4,41988,5,-0.12458352456105
"BM638","1B","M",41937,"B1306",1,75.7333333333333,50.4303720414833,3.13333333333333,0.048828125,0.915533810322006,1664.71428571429,364.428571428571,FALSE,1,10,10,42532,10,-0.0720920412662141
"DF026","11","F",38111,"D0301",0,74.1583333333333,77.1822101303536,4.66666666666667,0,1.16808462905229,1415,365.357142857143,FALSE,0,13,0,39143,13,0.154052510457383
"HF068","1H","F",38281,"H0304",0.6,64.6083333333333,63.6441164649653,1.63333333333333,0,0.858526106821192,1110.57142857143,363.142857142857,FALSE,0.428571428571429,5,3,38801,5,-0.155506011773716
"HM069","1H","M",38281,"H0304",0.6,64.6083333333333,63.6441164649653,1.63333333333333,0,1.11729834083263,1191,363.142857142857,FALSE,0.5,5,3,42437,5,0.103266222237718
"HM078","1H","M",38451,"H0402",0.5,60.65,48.0030207382827,7.38666666666667,0.03125,0.660221746855642,1204.33333333333,365.5,FALSE,0.75,18,9,40147,18,-0.336910360854985
"HF080","1H","F",38451,"H0402",0.944444444444444,60.65,48.0030207382827,7.38666666666667,0,1.16808462905229,1127,363,FALSE,0.944444444444444,18,17,40590,18,0.154052510457383
"HM081","1H","M",38451,"H0402",0.444444444444444,60.65,48.0030207382827,7.38666666666667,0,0.931571867934693,1201.6,363,FALSE,1,18,8,39458,18,-0.0824602506602147
"DM039","11","M",38502,"D0402",0.6,59.15,47.2327794497154,2.51,0.125,0.914153187953966,1205,369.8,FALSE,0.857142857142857,20,12,39428,20,-0.032278887103822
"DF051","11","F",38630,"D0403",0.7,62.975,37.8668510585566,3.56333333333333,0,1.07751556102869,1209.14285714286,365.857142857143,FALSE,0.583333333333333,10,7,40217,10,0.0634834424337857
"DM054","11","M",38630,"D0403",0.1,62.975,37.8668510585566,3.56333333333333,0,1.04443558138705,1060.85714285714,365.857142857143,FALSE,0.0625,10,1,41299,10,0.0304034627921449
"KM052","15","M",38790,"K0502",0.67741935483871,57.2,34.7813690984647,4.13333333333333,0.265625,0.694843157589396,1081.66666666667,365.5,FALSE,0.724137931034483,31,21,39645,31,-0.175538868489133
"FM100","4B","M",38856,"F0501",0.625,68.1416666666667,46.0695020067671,1.75666666666667,0.125,0.994320225908357,1206.90909090909,363.090909090909,FALSE,1,8,5,39457,8,0.0478881508505691
"DF056","11","F",38714,"D0501",0.5,59.775,37.5159390368705,2.75333333333333,0,0.952763655014193,1000,366.375,FALSE,0.454545454545455,20,10,39143,20,-0.0612684635807142
"DM057","11","M",38714,"D0501",0.75,59.775,37.5159390368705,2.75333333333333,0,0.890121550415007,1091.42857142857,366,FALSE,0.75,20,15,39090,20,-0.1239105681799
"DM059","11","M",38714,"D0501",0.45,59.775,37.5159390368705,2.75333333333333,0,0.936970053068429,975.571428571429,366,FALSE,0.375,20,9,39137,20,-0.0770620655264785
"HM098","1H","M",38822,"H0502",0,68.6,46.0312739538912,1.86,0.015625,0.936970053068429,1271,365.285714285714,FALSE,NA,20,0,40247,20,-0.0686120600843386
"FM105","4B","M",38835,"F0501",0,68.1416666666667,46.0695020067671,1.75666666666667,0.25,1.12436406368211,1062.33333333333,363.111111111111,FALSE,0,8,0,39993,8,0.245532032161445
"BF267","1B","F",38869,"B0503",0.125,69.8666666666667,46.6436653271536,1.37333333333333,0.03125,0.874961996782986,1300.625,363.5,FALSE,0.0476190476190476,8,1,40427,8,-0.122170110927642
"BM278","1B","M",38962,"B0504",0.833333333333333,71,48.9058092849733,3.39333333333333,0,1.04403623720378,1467.22222222222,365.888888888889,FALSE,0.909090909090909,12,10,39403,12,0.0300041186088679
"BF309","1B","F",39274,"B0604",0.625,64.7916666666667,33.3974266382996,0.53,0.0625,1.04920962005014,1448.46153846154,368.846153846154,FALSE,0.714285714285714,8,5,39671,8,0.0689775232237884
"BM311","1B","M",39274,"B0604",0.875,64.7916666666667,33.3974266382996,0.53,0.0625,1.03066705837527,1523.76923076923,368.846153846154,FALSE,0.7,8,7,40005,8,0.0504349615489239
"BM307","1B","M",39297,"B0604",0,64.7916666666667,33.3974266382996,0.53,0,0.98381855572185,1561.25,369.916666666667,FALSE,0,8,0,39755,8,-0.0302135628730572
"DM077","11","M",39190,"D0602",1,62.4916666666667,31.7632279769414,4.59666666666667,0,0.671343278147821,1304.57142857143,367.428571428571,FALSE,1,7,7,40036,7,-0.342688840447087
"FF127","4B","F",39191,"F0602",0.857142857142857,61.1,29.0650055127217,3.39333333333333,0,1.09189639049762,1029.5,365.25,FALSE,1,7,6,39947,7,0.0778642719027151
"HM117","1H","M",39206,"H0602",0.285714285714286,60.7166666666667,27.9017703359265,2.90333333333333,0.09375,1.03066705837527,1158.77777777778,365.222222222222,FALSE,1,7,2,42532,7,0.0673349724332037
"HF118","1H","F",39206,"H0602",0.571428571428571,60.7166666666667,27.9017703359265,2.90333333333333,0.0625,1.12436406368211,1208.25,363.375,FALSE,1,7,4,40605,7,0.144131966855767
"HF120","1H","F",39206,"H0602",0.571428571428571,60.7166666666667,27.9017703359265,2.90333333333333,0,1.2467803737031,1114,352,FALSE,1,7,4,40455,7,0.232748255108189
"DM084","11","M",39258,"D0603",0.625,64.7916666666667,33.3974266382996,1.38,0,1.03066705837527,1212.64285714286,362.142857142857,FALSE,0.625,16,10,39983,16,0.0166349397803644
"DF086","11","F",39258,"D0603",0.5625,64.7916666666667,33.3974266382996,1.38,0,1.17121256633554,1166.53333333333,362.6,FALSE,0.6,16,9,40231,16,0.157180447740629
"FM132","4B","M",39361,"F0604",0.7,59.95,28.1181759398048,1.67666666666667,0,0.985210270007381,1170.57142857143,362.285714285714,FALSE,0.583333333333333,10,7,40495,10,-0.0288218485875266
"FF133","4B","F",39361,"F0604",0.5,59.95,28.1181759398048,1.67666666666667,0,1.0174360289128,1043.16666666667,363.166666666667,FALSE,0.555555555555556,10,5,40919,10,0.00340391031789012
"FF138","4B","F",39361,"F0604",0.3,59.95,28.1181759398048,1.67666666666667,0,0.98381855572185,1156.42857142857,362.285714285714,FALSE,0.6,10,3,40162,10,-0.0302135628730572
"BF315","1B","F",39379,"B0606",0.166666666666667,63.1166666666667,25.8274636537907,1.24333333333333,0.078125,1.07751556102869,1445.75,370.625,FALSE,1,6,1,39541,6,0.105733469644485
"DM090","11","M",39399,"D0605",0.666666666666667,63.625,30.1573788648815,3.66,0,0.911108734629186,1354.22222222222,363.888888888889,FALSE,0.714285714285714,15,10,39983,15,-0.102923383965722
"HF125","1H","F",39402,"H0605",0.714285714285714,64.3333333333333,32.0599249512345,3.35333333333333,0.015625,1.14459231278197,1144.71428571429,363,FALSE,0.833333333333333,7,5,42067,7,0.139010199629199
"VM050","15","M",39403,"V0604",0,64.4333333333333,31.9348579379203,3.31333333333333,0,0.98381855572185,1155.66666666667,368.333333333333,FALSE,NA,11,0,40183,11,-0.0302135628730572
"VM054","15","M",39403,"V0604",0.727272727272727,64.4333333333333,31.9348579379203,3.31333333333333,0,0.936970053068429,1139.5,368.333333333333,FALSE,0.727272727272727,11,8,39970,11,-0.0770620655264785
"VF056","15","F",39403,"V0604",0.727272727272727,64.4333333333333,31.9348579379203,3.31333333333333,0,0.959061825925458,964.75,367.5,FALSE,0.8,11,8,39736,11,-0.0549702926694491
"VF060","15","F",39556,"V0701",0.75,55.1916666666667,37.8460387823501,2.46,0,1.03605251843485,1074,366.428571428571,FALSE,0.857142857142857,8,6,40100,8,0.0220203998399461
"DM101","11","M",39566,"D0701",0.647058823529412,52.6833333333333,40.5603665335181,3.33666666666667,0,1.1964509673261,1232.75,364.625,FALSE,0.916666666666667,17,11,39983,17,0.182418848731196
"DF111","11","F",39567,"D0701",0.705882352941177,52.6833333333333,40.5603665335181,3.33666666666667,0.125,0.633360598419279,1127,353,FALSE,0.923076923076923,17,12,40036,17,-0.313071476638509
"FM142","4B","M",39588,"F0701",1,59.85,37.5672366927257,1.77666666666667,0.125,0.785083271572164,1223.75,365.75,FALSE,1,8,8,40443,8,-0.161348803485625
"BF341","1B","F",39604,"B0704",0.8,59.7083333333333,37.4055770837678,3.60555555555556,0.03125,1.33222427757833,1445,366.571428571429,FALSE,0.8,5,4,39815,5,0.335092169867704
"BF348","1B","F",39604,"B0704",0.6,59.7083333333333,37.4055770837678,3.60555555555556,0.125,0.973549029079922,1403.125,366,FALSE,0.6,5,3,40256,5,0.0271169540221336
"BF338","1B","F",39605,"B0704",0,59.7083333333333,37.4055770837678,3.60555555555556,0.0625,0.812821307139574,1364.14285714286,367.571428571429,FALSE,0,5,0,40256,5,-0.167410789686774
"HF132","1H","F",39610,"H0702",0.476190476190476,59.3583333333333,37.0448734849392,4.31,0.0625,0.851855400444932,1156.2,365.5,FALSE,0.833333333333333,21,10,39911,21,-0.128376696381416
"HF138","1H","F",39610,"H0702",0.428571428571429,59.3583333333333,37.0448734849392,4.31,0.0625,1.07680587059349,1240.8,365.4,FALSE,0.5625,21,9,39911,21,0.0965737737671451
"DM118","11","M",39713,"D0702",0.333333333333333,61.3333333333333,40.3477234534836,1.63,0.125,1.061059937331,1399.6,364.4,FALSE,0.6,18,6,39983,18,0.114627862273216
"BM352","1B","M",39745,"B0707",0.80952380952381,58.875,37.5123282765449,4.29333333333333,0.0625,1.12436406368211,1444.5,365.666666666667,FALSE,0.894736842105263,21,17,40184,21,0.144131966855767
"BM354","1B","M",39745,"B0707",0.0952380952380952,58.875,37.5123282765449,4.29333333333333,0.125,1.12436406368211,1490.2,365.4,FALSE,0.153846153846154,21,2,40866,21,0.177931988624326
"BM362","1B","M",39745,"B0707",0.238095238095238,58.875,37.5123282765449,4.29333333333333,0.125,0.421636523880793,1642.33333333333,365.666666666667,FALSE,0.384615384615385,21,5,40184,21,-0.524795551176995
"BF363","1B","F",39745,"B0707",0.285714285714286,58.875,37.5123282765449,4.29333333333333,0.0625,0.890121550415007,1593.66666666667,365.666666666667,FALSE,0.4,21,6,40256,21,-0.0901105464113404
"BF365","1B","F",39745,"B0707",0.761904761904762,58.875,37.5123282765449,4.29333333333333,0,0.702727539801322,1583.5,365.666666666667,FALSE,0.8,21,16,40256,21,-0.311304578793586
"BM359","1B","M",39752,"B0707",0.380952380952381,58.875,37.5123282765449,4.29333333333333,0.0625,0.562182031841057,1182.33333333333,364.333333333333,FALSE,0.727272727272727,21,8,39801,21,-0.418050064985291
"BM360","1B","M",39752,"B0707",0.285714285714286,58.875,37.5123282765449,4.29333333333333,0.0625,0.98381855572185,1451,368.2,FALSE,0.4,21,6,40175,21,0.00358645889550236
"BF361","1B","F",39752,"B0707",0.571428571428571,58.875,37.5123282765449,4.29333333333333,0,1.17121256633554,1760.2,368.2,FALSE,0.705882352941177,21,12,40256,21,0.157180447740629
"VM082","15","M",39906,"V0801",0.869565217391304,66.9916666666667,26.9574903853973,2.92,0.0078125,1.18443162362867,1227.5,361.5,FALSE,0.952380952380952,23,20,40104,23,0.174624507754835
"VF083","15","F",39906,"V0801",0.652173913043478,66.9916666666667,26.9574903853973,2.92,0.0078125,1.05810326609037,1138.5,361.5,FALSE,0.789473684210526,23,15,40228,23,0.0482961502165286
"HM163","1H","M",39925,"H0802",0.944444444444444,70.4083333333333,29.1506263252012,0.576666666666667,0.125,0.98381855572185,1193,367,FALSE,NA,18,17,40352,18,0.0373864806640619
"HM166","1H","M",39925,"H0802",0.611111111111111,70.4083333333333,29.1506263252012,0.576666666666667,0.0625,0.890121550415007,1243,367.833333333333,FALSE,0.785714285714286,18,11,41367,18,-0.0901105464113404
"FM150","4B","M",39939,"F0802",0.352941176470588,68.85,26.810225322033,1.71,0.0625,1.17121256633554,1164.71428571429,369,FALSE,0.75,17,6,40473,17,0.190980469509188
"FF152","4B","F",39939,"F0802",0.823529411764706,68.85,26.810225322033,1.71,0.09375,0.843273047761586,1040.4,363.6,FALSE,0.933333333333333,17,14,41095,17,-0.120059038180482
"VM087","15","M",39956,"V0802",0.8,71.0083333333333,26.5043892877227,3.51724137931035,0.015625,1.12436406368211,1046.875,367.375,FALSE,0.923076923076923,15,12,40345,15,0.118781950529347
"VM096","15","M",40102,"V0803",0.75,69.7,21.5918755764545,2.76,0.015625,0.589039523156146,1071.5,365,FALSE,0.6,4,3,42032,4,-0.416542589996621
"SM009","17","M",40056,"S0804",0.25,72.7416666666667,24.8468567001701,3.44666666666667,0,1.15087419111055,987.2,360.4,FALSE,0.4,8,2,41907,8,0.136842072515643
"SM013","17","M",40056,"S0804",0.625,72.7416666666667,24.8468567001701,3.44666666666667,0,0.911751521456823,1097.4,364.7,FALSE,0.625,8,5,42378,8,-0.102280597138084
"DM131","11","M",40084,"D0803",0.466666666666667,70.3833333333333,22.6749695131932,2.76,0.25,0.893000666789028,1106.875,363,FALSE,0.583333333333333,15,7,41101,15,0.0141686352683592
"FM157","4B","M",40086,"F0804",0.75,70.825,23.4756401790916,3.31666666666667,0,0.953826927318306,1164,360.5,FALSE,0.9,12,9,40233,12,-0.0602051912766018
"HF178","1H","F",40086,"H0804",0.666666666666667,68.7833333333333,20.4815142077539,3.33333333333333,0,1.00701491722173,1108.77777777778,363.888888888889,FALSE,0.909090909090909,15,10,42532,15,-0.00701720137317607
"HM180","1H","M",40086,"H0804",0.533333333333333,68.7833333333333,20.4815142077539,3.33333333333333,0.28125,0.767249460740367,1137,363.888888888889,FALSE,1,15,8,42532,15,-0.0946825598960226
"BF426","1B","F",40130,"B0806",0.636363636363636,70.1416666666667,19.177660220036,2.25666666666667,0.03125,1.1016494846481,1456.66666666667,363.833333333333,FALSE,0.727272727272727,11,7,40838,11,0.104517376937468
"HF182","1H","F",40234,"H0901",0.2,68.9833333333333,19.0118065390638,3.1,0.08203125,0.936970053068429,1147.5,365.833333333333,FALSE,0.142857142857143,5,1,42532,5,-0.0326995369552441
"HF183","1H","F",40234,"H0901",0.6,68.9833333333333,19.0118065390638,3.1,0.08203125,1.18709582815596,1057.5,365.833333333333,FALSE,0.333333333333333,5,3,40936,5,0.217426238132287
"HF184","1H","F",40247,"H0901",0.8,68.9833333333333,19.0118065390638,3.1,0.08203125,1.12436406368211,1162.2,369,FALSE,0.5,5,4,40840,5,0.154694473658442
"BM445","1B","M",40340,"B0903",1,69.1666666666667,34.384466189713,4.49,0,0.98381855572185,1449.625,367,FALSE,0.8,4,4,40866,4,-0.0302135628730572
"BF454","1B","F",40340,"B0903",0,69.1666666666667,34.384466189713,4.49,0,1.05810326609037,1342.28571428571,366.428571428571,FALSE,0,4,0,40892,4,0.0440711474954586
"VM106","15","M",40374,"V0904",0.526315789473684,66.6083333333333,37.7389949842897,1.29,0.02734375,1.00701491722173,820.714285714286,363.714285714286,FALSE,0.714285714285714,19,10,40501,19,0.00777030815056875
"VM107","15","M",40374,"V0904",0.894736842105263,66.6083333333333,37.7389949842897,1.29,0.02734375,1.14503966727178,1178.83333333333,364.5,FALSE,1,19,17,41669,19,0.145795058200617
"VM109","15","M",40374,"V0904",0.947368421052632,66.6083333333333,37.7389949842897,1.29,0.015625,1.10619886909447,1113.14285714286,363.714285714286,FALSE,1,19,18,41078,19,0.100616755941706
"DM164","11","M",40450,"D0904",1,63.0833333333333,40.9002963610808,1.80666666666667,0,1.26490957164238,1239.66666666667,360.666666666667,FALSE,0.8,3,3,40624,3,0.250877453047471
"HM196","1H","M",40527,"H0905",1,64.1666666666667,44.058562955423,2.64,0,1.0041236491841,1110,368.2,FALSE,0.7,7,7,40859,7,-0.00990846941080614
"HM195","1H","M",40528,"H0905",0.285714285714286,64.1666666666667,44.058562955423,2.64,0.01953125,1.16266948852896,1209,366.5,FALSE,0.285714285714286,7,2,42532,7,0.159199876736727
"HF198","1H","F",40548,"H1001",0.545454545454545,59.6083333333333,46.6624524612345,3.06551724137931,0.06640625,0.845577809839243,1003,365.5,FALSE,0.545454545454545,11,6,41265,11,-0.13254178562657
"HF199","1H","F",40548,"H1001",1,59.6083333333333,46.6624524612345,3.06551724137931,0.06640625,0.748925175075308,992.375,365.5,FALSE,0.916666666666667,11,11,40936,11,-0.229194420390504
"BF473","1B","F",40557,"B1001",0.888888888888889,59.6833333333333,46.6173754835008,1.81724137931034,0.11328125,0.942963035296439,1599.2,367.2,FALSE,1,9,8,41982,9,-0.00980654384295418
"FF165","4B","F",40563,"F1001",0.9,61.6166666666667,45.9497914394977,2.27586206896552,0.09375,0.898426422954196,950,375,FALSE,0.9,10,9,41815,10,-0.0649056629878722
"BF483","1B","F",40662,"B1003",0.272727272727273,51.5083333333333,43.3029803369307,5.00666666666667,0,0.81895819965314,1417.83333333333,362.5,FALSE,0.3,11,3,40849,11,-0.195073918941768
"BF484","1B","F",40662,"B1003",0.727272727272727,51.5083333333333,43.3029803369307,5.00666666666667,0,0.839825606753604,1310.16666666667,362.5,FALSE,0.666666666666667,11,8,42160,11,-0.174206511841303
"BF485","1B","F",40662,"B1003",0.272727272727273,51.5083333333333,43.3029803369307,5.00666666666667,0,1.08683313815172,1333,355,FALSE,0.333333333333333,11,3,40676,11,0.0728010195568159
"BM486","1B","M",40662,"B1003",0.363636363636364,51.5083333333333,43.3029803369307,5.00666666666667,0,0.921327974609782,1474.66666666667,362.5,FALSE,0.333333333333333,11,4,41180,11,-0.0927041439851254
"FM173","4B","M",40723,"F1003",0.75,49.4166666666667,40.7673852113389,1.56333333333333,0.09375,0.845577809839243,1215.5,364.75,FALSE,0.923076923076923,16,12,40998,16,-0.117754276102825
"BF487","1B","F",40655,"B1003",0.454545454545455,51.5083333333333,43.3029803369307,5.00666666666667,0,0.972512862088103,1438.5,362.5,FALSE,0.363636363636364,11,5,41572,11,-0.0415192565068042
"DF178","11","F",40736,"D1003",0.5,55.4333333333333,40.023455244356,0.33,0,1.07488263704475,1178,365.571428571429,FALSE,0.75,6,3,41059,6,0.0608505184498384
"DM179","11","M",40736,"D1003",0.666666666666667,55.4333333333333,40.023455244356,0.33,0.25,1.16266948852896,974,365.571428571429,FALSE,0.8,6,4,42376,6,0.28383745700829
"HM216","1H","M",40870,"H1004",0.318181818181818,54.1333333333333,34.8864999503802,3.82333333333333,0.0390625,0.790424100473981,809.888888888889,363.555555555556,FALSE,0.7,22,7,42238,22,-0.202483004515577
"HM217","1H","M",40870,"H1004",0.636363636363636,54.1333333333333,34.8864999503802,3.82333333333333,0.111328125,1.0374316318721,1132.55555555556,363.555555555556,FALSE,1,22,14,42532,22,0.0836058020524389
"HF220","1H","F",40870,"H1004",0.727272727272727,54.1333333333333,34.8864999503802,3.82333333333333,0.0390625,0.889227113033228,1036.11111111111,363.555555555556,FALSE,0.842105263157895,22,16,41878,22,-0.103679991956329
"HM222","1H","M",40870,"H1004",0.772727272727273,54.1333333333333,34.8864999503802,3.82333333333333,0.111328125,0.952286480793561,1114.55555555556,363.555555555556,FALSE,0.944444444444444,22,17,42532,22,-0.00153934902610005
"HM223","1H","M",40870,"H1004",0.727272727272727,54.1333333333333,34.8864999503802,3.82333333333333,0.111328125,1.02369774956642,1127.66666666667,363.555555555556,FALSE,0.941176470588235,22,16,42532,22,0.0698719197467639
"BM500","1B","M",40894,"B1006",0.352941176470588,52.525,34.0534372847895,1.73333333333333,0.0078125,1.48436173687132,1521.5,360.833333333333,FALSE,0.315789473684211,17,6,42532,17,0.474554620997478
"BM508","1B","M",40894,"B1006",0.588235294117647,52.525,34.0534372847895,1.73333333333333,0.03125,0.938628619312852,1540.4,361.4,FALSE,NA,17,10,41117,17,-0.0585034883977756
"DM180","11","M",40756,"D1003",0.833333333333333,55.4333333333333,40.023455244356,0.33,0.25,0.792729196724291,1078,374,FALSE,0.833333333333333,6,5,42183,6,-0.0861028347963786
"HM225","1H","M",40842,"H1004",0.545454545454545,54.1333333333333,34.8864999503802,3.82333333333333,0,1.0374316318721,1189,350.5,FALSE,0.857142857142857,22,12,40859,22,0.0233995132771921
"HF219","1H","F",40856,"H1004",0.636363636363636,54.1333333333333,34.8864999503802,3.82333333333333,0.111328125,1.0374316318721,1101,364,FALSE,0.875,22,14,41149,22,0.0836058020524389
"BM524","1B","M",41026,"B1102",0.818181818181818,55.6666666666667,45.1708541053417,3.80333333333333,0.0859375,1.21314619420184,1608,364,FALSE,1,11,9,41251,11,0.245589105538701
"VM127","15","M",41023,"V1102",0.9375,58.075,49.0170494457147,2.99333333333333,0.078125,1.03983959503015,1192.125,365.875,FALSE,1,16,15,41149,16,0.0680575036459394
"BF523","1B","F",41029,"B1102",0.363636363636364,55.6666666666667,45.1708541053417,3.80333333333333,0.052734375,1.21314619420184,1530.33333333333,370,FALSE,0.5,11,4,41401,11,0.227632843974153
"DM189","11","M",41114,"D1106",0.5,53.3583333333333,47.8506475368617,0.296666666666667,0.25,0.842224763282443,1253.5,370.75,FALSE,0.5,2,1,42532,2,-0.0366072682382259
"VM129","15","M",41128,"V1104",0.833333333333333,50.1583333333333,49.5245477852482,1.68275862068966,0.078125,1.00734242226269,1172.66666666667,367,FALSE,0.714285714285714,6,5,41361,6,0.0355603308784795
"DF190","11","F",41198,"D1107",0.5,52.4916666666667,51.0427353629616,2.04,0.25,1.04417742036704,1158.6,363.6,FALSE,1,2,1,42200,2,0.165345388846368
"DM193","11","M",41190,"D1107",0.5,52.4916666666667,51.0427353629616,2.04,0.25,0.684960130128865,1209,352,FALSE,0.5,2,1,42248,2,-0.193871901391804
"DM192","11","M",41191,"D1107",0.5,52.4916666666667,51.0427353629616,2.04,0,0.928157706992922,1346,363,FALSE,0.5,2,1,42532,2,-0.0858744116019858
"BM558","1B","M",41369,"B1202",0.6,70.2416666666667,43.8754323124691,6.10666666666667,0,1.00500173851581,1401.66666666667,359.333333333333,FALSE,0.75,15,9,42532,15,-0.00903038007909773
"BF561","1B","F",41369,"B1202",0.733333333333333,70.2416666666667,43.8754323124691,6.10666666666667,0.115234375,1.06151813263852,1203.66666666667,359.333333333333,FALSE,NA,15,11,42532,15,0.109804804179391
"BM562","1B","M",41369,"B1202",0.8,70.2416666666667,43.8754323124691,6.10666666666667,0.099609375,1.25476368357347,1364.33333333333,359.333333333333,FALSE,0.923076923076923,15,12,41652,15,0.294600349672205
"BM563","1B","M",41369,"B1202",0.733333333333333,70.2416666666667,43.8754323124691,6.10666666666667,0,0.949168308598265,1344.33333333333,359.333333333333,FALSE,0.846153846153846,15,11,41429,15,-0.0648638099966427
"BM564","1B","M",41369,"B1202",0.666666666666667,70.2416666666667,43.8754323124691,6.10666666666667,0,0.869485643757302,1596.33333333333,359.333333333333,FALSE,0.909090909090909,15,10,42532,15,-0.144546474837606
"BF566","1B","F",41369,"B1202",0.8,70.2416666666667,43.8754323124691,6.10666666666667,0,0.764699252742546,1615.33333333333,359.333333333333,FALSE,0.923076923076923,15,12,42003,15,-0.249332865852361
"BM567","1B","M",41369,"B1202",0.933333333333333,70.2416666666667,43.8754323124691,6.10666666666667,0.099609375,0.969590119124955,1481.66666666667,359.333333333333,FALSE,0.933333333333333,15,14,41474,15,0.00942678522368917
"BF569","1B","F",41369,"B1202",0.666666666666667,70.2416666666667,43.8754323124691,6.10666666666667,0,1.1166685983509,1385.66666666667,359.333333333333,FALSE,0.769230769230769,15,10,41401,15,0.102636479755992
"HF240","1H","F",41375,"H1202",0.307692307692308,72.0833333333333,47.1332701126832,5.63333333333333,0.088623046875,1.06083516843335,1165.83333333333,366.333333333333,FALSE,0.363636363636364,13,4,42312,13,0.0947304244555842
"HM241","1H","M",41375,"H1202",0.923076923076923,72.0833333333333,47.1332701126832,5.63333333333333,0.2314453125,0.78166801884563,1093.83333333333,366.333333333333,FALSE,0.923076923076923,13,12,41969,13,-0.107198394137581
"HF242","1H","F",41375,"H1202",0,72.0833333333333,47.1332701126832,5.63333333333333,0.00390625,0.67000115901054,1220.66666666667,366.333333333333,FALSE,NA,13,0,42532,13,-0.341918458223833
"HM243","1H","M",41375,"H1202",1,72.0833333333333,47.1332701126832,5.63333333333333,0.0390625,0.67000115901054,1203.83333333333,366.333333333333,FALSE,1,13,13,41666,13,-0.322905945979018
"HM246","1H","M",41375,"H1202",0.384615384615385,72.0833333333333,47.1332701126832,5.63333333333333,0.119140625,1.16801188401939,931.666666666667,366.333333333333,FALSE,0.5,13,5,42532,13,0.218411056920795
"DM199","11","M",41400,"D1202",0.714285714285714,68.6666666666667,42.8276319752337,3.33,0.25,1.00500173851581,1006,359,FALSE,1,7,5,41415,7,0.126169706995141
"DF200","11","F",41400,"D1202",1,68.6666666666667,42.8276319752337,3.33,0.25,0.881915364739101,1156.875,366,FALSE,1,7,7,42532,7,0.00308333321843159
"DM202","11","M",41400,"D1202",0.857142857142857,68.6666666666667,42.8276319752337,3.33,0.25,0.950245628981243,1219.11111111111,365.555555555556,FALSE,1,7,6,41675,7,0.0714135974605735
"DM203","11","M",41400,"D1202",0.428571428571429,68.6666666666667,42.8276319752337,3.33,0.25,0.533372762644598,1049.85714285714,366.571428571429,FALSE,1,7,3,41481,7,-0.345459268876071
"DM204","11","M",41400,"D1202",0.714285714285714,68.6666666666667,42.8276319752337,3.33,0.1484375,1.07089722861177,1128.28571428571,364.428571428571,FALSE,1,7,5,42532,7,0.137140161717187
"DF208","11","F",41400,"D1202",0.714285714285714,68.6666666666667,42.8276319752337,3.33,0.25,0.837501448763175,1109,363.8,FALSE,1,7,5,42532,7,-0.0413305827574944
"DM209","11","M",41400,"D1202",0.428571428571429,68.6666666666667,42.8276319752337,3.33,0.1484375,0.695250504423127,1238.42857142857,364.428571428571,FALSE,0.75,7,3,42532,7,-0.238506562471451
"DM206","11","M",41401,"D1202",0.857142857142857,68.6666666666667,42.8276319752337,3.33,0,1.11426386128589,1398,367.333333333333,FALSE,1,7,6,41890,7,0.100231742690979
"HF248","1H","F",41437,"H1203",1,69.1833333333333,43.1960400822561,0.06,0.0078125,1.21055446932018,1200.2,361.8,FALSE,1,12,12,42532,12,0.200747353446345
"HF251","1H","F",41437,"H1203",0.833333333333333,69.1833333333333,43.1960400822561,0.06,0.10546875,0.985404928851387,1093,361.8,FALSE,1,12,10,41810,12,0.0284103469909236
"HM252","1H","M",41437,"H1203",0.416666666666667,69.1833333333333,43.1960400822561,0.06,0.0078125,0.807572597182921,1101,361.8,FALSE,1,12,5,41491,12,-0.202234518690916
"HM253","1H","M",41437,"H1203",1,69.1833333333333,43.1960400822561,0.06,0.078125,0.627381841786736,1159.2,361.8,FALSE,1,12,12,41836,12,-0.344400249597472
"BM580","1B","M",41453,"B1203",0.666666666666667,69.1833333333333,43.1960400822561,0.06,0.00390625,1.10133492048096,1521.75,371.5,FALSE,0.625,15,10,41713,15,0.0894153032465893
"BF585","1B","F",41453,"B1203",0.733333333333333,69.1833333333333,43.1960400822561,0.06,0.068359375,1.00500173851581,1330,371.5,FALSE,0.733333333333333,15,11,41650,15,0.0279383937302643
"BF589","1B","F",41453,"B1203",0.6,69.1833333333333,43.1960400822561,0.06,0.021484375,1.25476368357347,1193.33333333333,370.666666666667,FALSE,0.642857142857143,15,9,42377,15,0.252350322461506
"TM335","2","M",41669,"T1301",0.75,64.2,43.2746619124444,2.45666666666667,0,0.69532124040109,1180.625,366,FALSE,1,8,6,41964,8,-0.318710878193818
"BF593","1B","F",41537,"B1204",0.666666666666667,73.1583333333333,40.0569698471232,2.13666666666667,0.04638671875,1.1166685983509,1184,368,FALSE,0.5,6,4,42444,6,0.127722433412345
"HF260","1H","F",41781,"H1303",0.5,59.0083333333333,37.6155301180324,3.628,0.2020263671875,1.06083516843335,1002.5,360.5,FALSE,0.6,6,3,42312,6,0.156058979578615
